Fecha,ICA_SO2,ConsultaHospitalariosR,ConsultaHospitalariosC,PM10,PM2_5,SO2,O3,Temperatura,Humedad,VelocidadViento,IngresosHospitalariosR,IngresosHospitalariosC
2020-01-01,2.0,20,5,NA,NA,NA,NA,16.2,NA,0.0,1.0,1.0
2020-01-02,2.0,11,2,12.0,NA,NA,NA,16.9,91.0,1.0,1.0,1.0
2020-01-03,2.0,1,1,NA,NA,NA,NA,18.0,NA,1.1,1.0,1.0
2020-01-04,2.0,20,3,NA,NA,NA,NA,18.0,NA,1.0,1.0,1.0
2020-01-05,2.0,10,4,15.0,NA,NA,NA,18.1,NA,1.0,1.0,1.0
2020-01-06,2.0,1,3,NA,NA,NA,NA,17.5,NA,1.2,1.0,1.0
2020-01-07,2.0,1,1,NA,NA,NA,NA,17.7,NA,1.1,2.0,1.0
2020-01-08,2.0,13,2,22.0,NA,NA,NA,17.7,NA,1.2,1.0,3.0
2020-01-09,2.0,1,1,NA,NA,NA,NA,18.2,NA,1.1,1.0,1.0
2020-01-10,2.0,1,1,NA,NA,NA,NA,18.7,NA,1.0,1.0,1.0
2020-01-11,2.0,1,2,41.0,NA,NA,NA,18.4,NA,1.3,1.0,1.0
2020-01-12,2.0,1,1,NA,NA,NA,NA,18.8,NA,1.1,1.0,1.0
2020-01-13,2.0,6,4,NA,NA,NA,NA,19.1,NA,1.0,1.0,1.0
2020-01-14,3.0,8,26,23.0,NA,NA,NA,19.1,NA,1.1,3.0,3.0
2020-01-15,2.0,10,1,NA,NA,NA,NA,18.0,NA,1.3,1.0,2.0
2020-01-16,3.0,16,1,NA,NA,NA,NA,19.3,NA,1.2,1.0,3.0
2020-01-17,2.0,1,4,18.0,NA,NA,NA,20.4,NA,1.4,2.0,1.0
2020-01-18,2.0,3,5,NA,NA,NA,NA,20.3,NA,1.2,3.0,1.0
2020-01-19,2.0,28,8,NA,NA,NA,NA,19.4,NA,1.0,1.0,1.0
2020-01-20,2.0,12,2,23.0,NA,NA,NA,17.1,NA,1.1,2.0,3.0
2020-01-21,2.0,4,1,21.0,NA,NA,NA,16.8,NA,1.2,1.0,2.0
2020-01-22,1.0,3,1,NA,NA,NA,NA,15.1,NA,1.0,2.0,2.0
2020-01-23,2.0,61,1,18.0,NA,NA,NA,16.8,NA,1.2,1.0,1.0
2020-01-24,2.0,4,1,20.0,NA,NA,NA,17.9,NA,1.2,1.0,1.0
2020-01-25,2.0,1,495,34.0,NA,NA,NA,18.3,NA,1.1,1.0,2.0
2020-01-26,1.0,1,1,9.0,NA,NA,NA,17.3,NA,1.4,1.0,1.0
2020-01-27,1.0,1,2,NA,NA,NA,NA,16.1,NA,1.1,1.0,1.0
2020-01-28,2.0,1,2,NA,NA,NA,NA,16.3,NA,1.2,2.0,2.0
2020-01-29,2.0,2,1,23.0,14.0,NA,NA,17.3,NA,1.1,2.0,1.0
2020-01-30,2.0,24,1,NA,NA,NA,NA,18.1,NA,1.0,1.0,1.0
2020-01-31,2.0,8,14,NA,NA,NA,NA,18.5,NA,1.2,1.0,1.0
2020-02-01,2.0,3,1,19.0,15.0,NA,NA,18.6,NA,1.2,1.0,1.0
2020-02-02,2.0,2,5,NA,NA,NA,NA,18.2,NA,1.1,1.0,1.0
2020-02-03,2.0,26,1,NA,NA,NA,NA,19.0,NA,1.0,1.0,1.0
2020-02-04,2.0,2,1,24.0,12.0,NA,NA,19.0,NA,1.1,2.0,1.0
2020-02-05,3.0,7,5,NA,NA,NA,NA,18.7,NA,1.1,1.0,1.0
2020-02-06,2.0,4,2,NA,NA,NA,NA,18.3,NA,1.1,2.0,1.0
2020-02-07,2.0,2,5,26.0,17.0,NA,NA,18.5,NA,1.3,1.0,1.0
2020-02-08,2.0,1,1,27.0,NA,NA,NA,18.1,NA,1.4,1.0,2.0
2020-02-09,2.0,1,1,NA,NA,NA,NA,17.5,NA,1.6,1.0,2.0
2020-02-10,2.0,1,1,29.0,20.0,NA,NA,18.9,NA,1.5,1.0,4.0
2020-02-11,2.0,6,3,34.0,NA,NA,NA,19.2,NA,1.2,1.0,1.0
2020-02-12,2.0,2,1,NA,NA,NA,NA,19.0,NA,1.3,1.0,1.0
2020-02-13,2.0,1,4,37.0,26.0,NA,NA,19.2,NA,1.0,1.0,1.0
2020-02-14,2.0,4,5,NA,NA,NA,NA,18.4,NA,1.5,1.0,1.0
2020-02-15,2.0,2,8,NA,NA,NA,NA,18.7,NA,1.3,1.0,1.0
2020-02-16,3.0,1,6,22.0,16.0,NA,NA,18.7,NA,1.5,1.0,1.0
2020-02-17,2.0,4,1,NA,NA,NA,NA,19.6,NA,2.2,1.0,1.0
2020-02-18,2.0,1,1,NA,NA,NA,NA,20.7,NA,1.9,1.0,5.0
2020-02-19,1.0,6,1,29.0,16.0,NA,NA,20.5,NA,1.4,1.0,1.0
2020-02-20,2.0,1,2,NA,NA,NA,NA,17.6,NA,1.1,2.0,1.0
2020-02-21,2.0,6,2,NA,NA,NA,NA,17.9,NA,1.3,1.0,2.0
2020-02-22,3.0,3,1,23.0,16.0,NA,NA,16.8,NA,1.1,2.0,1.0
2020-02-23,2.0,2,2,NA,NA,NA,NA,17.5,NA,1.1,1.0,1.0
2020-02-24,3.0,1,18,NA,NA,NA,NA,17.9,NA,1.1,1.0,1.0
2020-02-25,3.0,4,6,28.0,NA,NA,NA,17.0,NA,1.1,1.0,1.0
2020-02-26,2.0,26,2,NA,NA,NA,NA,16.1,NA,0.9,1.0,1.0
2020-02-27,2.0,5,3,NA,NA,NA,NA,17.2,NA,0.9,2.0,2.0
2020-02-28,2.0,1,3,33.0,24.0,NA,NA,18.4,NA,1.2,1.0,1.0
2020-02-29,2.0,1,1,NA,NA,NA,NA,18.6,NA,1.2,2.0,1.0
2020-03-01,2.0,20,1,NA,NA,NA,NA,18.4,NA,1.0,1.0,1.0
2020-03-02,2.0,1,1,30.0,NA,NA,NA,18.2,NA,1.2,1.0,1.0
2020-03-03,2.0,8,2,NA,NA,NA,NA,18.6,NA,1.3,1.0,1.0
2020-03-04,2.0,3,1,NA,NA,NA,NA,18.9,NA,1.2,3.0,1.0
2020-03-05,2.0,1,1,38.0,NA,NA,NA,19.9,NA,1.1,1.0,1.0
2020-03-06,2.0,9,1,NA,NA,NA,NA,19.4,NA,1.2,1.0,1.0
2020-03-07,2.0,1,2,NA,NA,NA,NA,17.0,NA,1.3,3.0,1.0
2020-03-08,6.0,11,28,42.0,25.0,NA,NA,17.3,NA,1.2,5.0,2.0
2020-03-09,4.0,1,2,NA,NA,NA,NA,19.1,NA,1.2,1.0,1.0
2020-03-10,1.0,1,1,NA,NA,NA,NA,18.0,NA,1.5,4.0,3.0
2020-03-11,2.0,1,8,28.0,24.0,NA,NA,17.2,NA,1.4,1.0,1.0
2020-03-12,1.0,13,1,NA,NA,NA,NA,18.2,NA,1.1,1.0,1.0
2020-03-13,0.0,15,3,NA,NA,NA,NA,17.1,NA,1.2,1.0,3.0
2020-03-14,1.0,3,2,19.0,18.0,NA,NA,16.8,NA,1.0,2.0,NA
2020-03-15,0.0,26,1,NA,NA,NA,NA,16.4,NA,1.0,1.0,3.0
2020-03-16,2.0,4,1,NA,NA,NA,NA,19.7,78.4,2.0,4.0,2.0
2020-03-17,1.0,8,2,28.0,24.0,NA,NA,19.4,77.3,1.2,1.0,3.0
2020-03-18,1.0,1,1,NA,NA,NA,NA,18.5,80.3,1.5,1.0,1.0
2020-03-19,1.0,65,463,NA,NA,NA,NA,19.2,77.4,1.6,2.0,1.0
2020-03-20,1.0,1,1,25.0,19.0,NA,NA,16.5,82.3,1.1,1.0,1.0
2020-03-21,1.0,1,1,NA,NA,NA,NA,17.1,75.3,1.5,1.0,1.0
2020-03-22,1.0,1,1,NA,NA,NA,NA,20.6,50.8,1.9,1.0,2.0
2020-03-23,1.0,1,2,23.0,18.0,NA,NA,0.0,NA,0.0,1.0,NA
2020-03-24,1.0,1,1,NA,NA,NA,NA,18.6,86.1,1.1,1.0,2.0
2020-03-25,1.0,1,1,31.0,NA,NA,NA,0.0,NA,0.0,2.0,1.0
2020-03-26,1.0,2,17,NA,NA,NA,NA,18.1,76.8,1.2,1.0,1.0
2020-03-27,1.0,2,2,NA,NA,NA,NA,18.4,NA,1.0,1.0,1.0
2020-03-28,1.0,1,5,NA,NA,NA,NA,0.0,NA,0.0,3.0,1.0
2020-03-29,1.0,1,2,NA,NA,NA,NA,0.0,NA,0.0,NA,NA
2020-03-30,1.0,1,2,NA,NA,NA,NA,16.8,NA,1.2,1.0,1.0
2020-03-31,1.0,2,2,NA,NA,NA,NA,0.0,NA,0.0,1.0,1.0
2020-04-01,2.0,9,5,NA,NA,NA,NA,0.0,NA,0.0,1.0,1.0
2020-04-02,1.0,4,5,NA,NA,NA,NA,0.0,NA,0.0,2.0,1.0
2020-04-03,1.0,1,1,NA,NA,NA,NA,0.0,NA,0.0,1.0,1.0
2020-04-04,1.0,4,2,NA,NA,NA,NA,0.0,NA,0.0,1.0,1.0
2020-04-05,1.0,33,2,NA,NA,NA,NA,19.2,NA,1.0,NA,1.0
2020-04-06,1.0,20,1,NA,NA,NA,NA,19.1,NA,1.0,1.0,1.0
2020-04-07,1.0,6,1,NA,NA,NA,NA,18.5,NA,1.2,1.0,4.0
2020-04-08,1.0,3,1,NA,NA,NA,NA,18.9,NA,1.1,1.0,1.0
2020-04-09,1.0,2,1,NA,NA,NA,NA,17.8,NA,1.1,1.0,1.0
2020-04-10,1.0,5,3,NA,NA,NA,NA,18.2,NA,1.2,1.0,1.0
2020-04-11,1.0,1,1,NA,NA,NA,NA,16.7,NA,1.2,1.0,1.0
2020-04-12,1.0,1,8,NA,NA,NA,NA,16.9,NA,1.1,1.0,1.0
2020-04-13,1.0,1,1,NA,NA,NA,NA,16.7,NA,1.1,3.0,3.0
2020-04-14,1.0,1,2,NA,NA,NA,NA,15.5,NA,1.3,1.0,1.0
2020-04-15,1.0,1,2,NA,NA,NA,NA,0.0,NA,0.0,NA,1.0
2020-04-16,1.0,6,1,NA,NA,NA,NA,0.0,NA,0.0,1.0,2.0
2020-04-17,1.0,6,1,NA,NA,NA,NA,0.0,NA,0.0,2.0,1.0
2020-04-18,1.0,2,22,NA,NA,NA,NA,0.0,NA,0.0,1.0,2.0
2020-04-19,1.0,1,4,NA,NA,NA,NA,0.0,NA,0.0,1.0,1.0
2020-04-20,1.0,1,6,NA,NA,NA,NA,0.0,NA,0.0,1.0,1.0
2020-04-21,1.0,6,2,NA,NA,NA,NA,0.0,NA,0.0,1.0,1.0
2020-04-22,1.0,4,1,NA,NA,NA,NA,0.0,NA,0.0,1.0,2.0
2020-04-23,1.0,17,1,NA,NA,NA,NA,0.0,NA,0.0,1.0,1.0
2020-04-24,1.0,9,5,NA,NA,NA,NA,0.0,NA,0.0,1.0,2.0
2020-04-25,1.0,1,4,NA,NA,NA,NA,0.0,NA,0.0,NA,1.0
2020-04-26,1.0,2,1,NA,NA,NA,NA,0.0,NA,0.0,1.0,2.0
2020-04-27,1.0,2,1,NA,NA,NA,NA,0.0,NA,0.0,2.0,1.0
2020-04-28,1.0,25,2,NA,NA,NA,NA,0.0,NA,0.0,1.0,3.0
2020-04-29,1.0,1,1,NA,NA,NA,NA,0.0,NA,0.0,4.0,1.0
2020-04-30,1.0,11,2,NA,NA,NA,NA,0.0,NA,0.0,4.0,1.0
2020-05-01,1.0,2,5,NA,NA,NA,NA,0.0,NA,0.0,1.0,1.0
2020-05-02,1.0,11,33,NA,NA,NA,NA,0.0,NA,0.0,3.0,1.0
2020-05-03,1.0,4,1,NA,NA,NA,NA,0.0,NA,0.0,3.0,1.0
2020-05-04,1.0,1,7,NA,NA,NA,NA,0.0,NA,0.0,1.0,1.0
2020-05-05,1.0,1,1,NA,NA,NA,NA,0.0,NA,0.0,1.0,1.0
2020-05-06,1.0,13,4,NA,NA,NA,NA,0.0,NA,0.0,NA,1.0
2020-05-07,1.0,2,2,NA,NA,NA,NA,0.0,NA,0.0,1.0,3.0
2020-05-08,1.0,1,2,NA,NA,NA,NA,0.0,NA,0.0,3.0,9.0
2020-05-09,1.0,10,2,NA,NA,NA,NA,0.0,NA,0.0,NA,2.0
2020-05-10,1.0,18,2,NA,NA,NA,NA,0.0,NA,0.0,NA,3.0
2020-05-11,1.0,4,484,NA,NA,NA,NA,0.0,NA,0.0,3.0,1.0
2020-05-12,1.0,25,1,NA,NA,NA,NA,0.0,NA,0.0,3.0,1.0
2020-05-13,1.0,4,1,NA,NA,NA,NA,0.0,NA,0.0,NA,3.0
2020-05-14,1.0,11,1,NA,NA,NA,NA,0.0,NA,0.0,NA,2.0
2020-05-15,1.0,4,1,NA,NA,NA,NA,0.0,NA,0.0,3.0,7.0
2020-05-16,1.0,1,1,NA,NA,NA,NA,0.0,NA,0.0,3.0,3.0
2020-05-17,1.0,1,2,NA,NA,NA,NA,0.0,NA,0.0,3.0,1.0
2020-05-18,1.0,65,3,NA,NA,NA,NA,0.0,NA,0.0,3.0,4.0
2020-05-19,1.0,1,21,26.0,16.0,NA,NA,0.0,NA,0.0,2.0,3.0
2020-05-20,1.0,2,1,30.0,NA,NA,NA,0.0,NA,0.0,NA,8.0
2020-05-21,1.0,1,1,NA,NA,NA,NA,0.0,NA,0.0,NA,2.0
2020-05-22,1.0,1,1,21.0,14.0,NA,NA,0.0,NA,0.0,NA,4.0
2020-05-23,1.0,1,3,NA,NA,NA,NA,0.0,NA,0.0,NA,1.0
2020-05-24,1.0,1,1,NA,NA,NA,NA,0.0,NA,0.0,3.0,NA
2020-05-25,1.0,3,1,18.0,16.0,NA,NA,0.0,NA,0.0,1.0,3.0
2020-05-26,1.0,22,1,NA,NA,NA,NA,0.0,NA,0.0,3.0,3.0
2020-05-27,1.0,9,1,NA,NA,NA,NA,0.0,NA,0.0,NA,3.0
2020-05-28,1.0,6,3,18.0,8.0,NA,NA,0.0,NA,0.0,3.0,1.0
2020-05-29,1.0,60,2,NA,NA,NA,NA,18.0,89.3,1.5,1.0,5.0
2020-05-30,1.0,11,2,NA,NA,NA,NA,0.0,NA,0.0,2.0,3.0
2020-05-31,NA,1,10,14.0,7.0,NA,NA,0.0,NA,0.0,1.0,2.0
2020-06-01,2.0,26,9,NA,NA,NA,NA,16.9,88.8,0.6,2.0,3.0
2020-06-02,2.0,6,3,34.0,NA,NA,NA,17.0,87.2,1.1,5.0,2.0
2020-06-03,1.0,2,4,18.0,10.0,NA,NA,14.8,98.4,1.0,2.0,4.0
2020-06-04,1.0,1,1,NA,NA,NA,NA,18.6,76.9,1.3,3.0,5.0
2020-06-05,1.0,2,2,NA,NA,NA,NA,18.0,87.9,1.9,NA,3.0
2020-06-06,2.0,3,1,20.0,10.0,NA,NA,0.0,NA,0.0,NA,2.0
2020-06-07,2.0,1,1,NA,NA,NA,NA,0.0,NA,0.0,3.0,2.0
2020-06-08,2.0,2,2,NA,NA,NA,NA,20.2,68.7,1.3,3.0,3.0
2020-06-09,2.0,3,7,20.0,17.0,NA,NA,16.9,85.9,0.9,2.0,3.0
2020-06-10,1.0,15,1,22.0,NA,NA,NA,16.0,89.6,0.8,3.0,1.0
2020-06-11,2.0,6,1,NA,NA,NA,NA,15.9,89.2,0.9,4.0,3.0
2020-06-12,2.0,3,2,26.0,20.0,NA,NA,17.1,84.6,0.8,3.0,6.0
2020-06-13,1.0,3,1,NA,NA,NA,NA,17.8,80.8,0.6,2.0,NA
2020-06-14,1.0,2,2,NA,NA,NA,NA,18.1,85.8,0.9,2.0,1.0
2020-06-15,1.0,1,1,12.0,6.0,NA,NA,0.0,NA,0.0,NA,3.0
2020-06-16,1.0,1,1,NA,NA,NA,NA,18.4,81.6,1.2,3.0,2.0
2020-06-17,2.0,6,4,41.0,NA,NA,NA,16.2,91.0,0.7,7.0,1.0
2020-06-18,2.0,29,16,23.0,14.0,NA,NA,17.3,84.4,0.9,3.0,3.0
2020-06-19,2.0,11,6,NA,NA,NA,NA,17.2,83.4,1.2,4.0,3.0
2020-06-20,1.0,1,8,30.0,NA,NA,NA,0.0,NA,0.0,2.0,1.0
2020-06-21,1.0,2,1,13.0,8.0,NA,NA,0.0,NA,0.0,NA,NA
2020-06-22,1.0,1,2,NA,NA,NA,NA,0.0,NA,0.0,3.0,8.0
2020-06-23,1.0,1,1,NA,NA,NA,NA,18.4,85.9,1.3,5.0,3.0
2020-06-24,1.0,19,1,35.0,17.0,NA,NA,17.2,88.5,1.1,3.0,3.0
2020-06-25,1.0,10,1,NA,NA,NA,NA,18.7,81.4,1.7,3.0,2.0
2020-06-26,1.0,2,2,NA,NA,NA,NA,16.9,91.4,1.0,2.0,1.0
2020-06-27,1.0,17,2,17.0,16.0,NA,NA,0.0,NA,0.0,NA,3.0
2020-06-28,1.0,1,3,NA,NA,NA,NA,0.0,NA,0.0,NA,5.0
2020-06-29,4.0,2,1,NA,NA,NA,NA,0.0,NA,0.0,3.0,2.0
2020-06-30,2.0,1,4,22.0,16.0,NA,NA,18.4,84.3,2.1,2.0,1.0
2020-07-01,1.0,11,3,31.0,NA,NA,NA,17.3,87.6,1.2,2.0,3.0
2020-07-02,1.0,1,1,NA,NA,NA,NA,17.4,83.7,1.0,6.0,4.0
2020-07-03,1.0,2,41,23.0,18.0,NA,NA,18.8,80.1,1.7,2.0,3.0
2020-07-04,1.0,1,1,37.0,NA,NA,NA,0.0,NA,0.0,NA,2.0
2020-07-05,1.0,1,5,NA,NA,NA,NA,0.0,NA,0.0,2.0,2.0
2020-07-06,1.0,7,1,21.0,14.0,NA,NA,16.7,89.0,1.3,NA,1.0
2020-07-07,1.0,14,484,24.0,NA,NA,NA,16.1,89.7,0.9,NA,2.0
2020-07-08,1.0,1,2,NA,NA,NA,NA,16.3,89.2,0.9,1.0,1.0
2020-07-09,1.0,26,3,22.0,11.0,NA,NA,17.9,81.4,1.2,1.0,4.0
2020-07-10,1.0,6,1,NA,NA,NA,NA,16.6,90.1,1.1,1.0,2.0
2020-07-11,1.0,3,2,NA,NA,NA,NA,0.0,NA,0.0,1.0,2.0
2020-07-12,1.0,1,1,15.0,11.0,NA,NA,0.0,NA,0.0,NA,2.0
2020-07-13,1.0,1,1,NA,NA,NA,NA,18.7,80.8,1.6,1.0,3.0
2020-07-14,1.0,4,2,NA,NA,NA,NA,17.4,83.8,0.9,1.0,NA
2020-07-15,1.0,74,5,22.0,8.0,NA,NA,18.8,77.3,0.9,1.0,1.0
2020-07-16,2.0,2,16,NA,NA,NA,NA,17.3,85.2,1.8,NA,2.0
2020-07-17,1.0,1,2,NA,NA,NA,NA,20.0,72.9,2.2,NA,2.0
2020-07-18,1.0,1,1,15.0,23.0,NA,NA,0.0,NA,0.0,2.0,2.0
2020-07-19,1.0,1,1,NA,NA,NA,NA,0.0,NA,0.0,1.0,2.0
2020-07-20,1.0,18,2,NA,NA,NA,NA,0.0,NA,0.0,NA,2.0
2020-07-21,1.0,10,4,21.0,13.0,NA,NA,17.9,85.8,1.2,1.0,1.0
2020-07-22,1.0,2,2,17.0,NA,NA,NA,16.8,88.9,1.7,2.0,1.0
2020-07-23,1.0,8,1,NA,NA,NA,NA,0.0,NA,0.0,NA,NA
2020-07-24,10.0,35,1,27.0,12.0,NA,NA,16.0,90.4,0.5,1.0,1.0
2020-07-25,14.0,5,1,NA,NA,NA,NA,15.6,93.8,0.8,1.0,1.0
2020-07-26,10.0,23,1,NA,NA,NA,NA,17.5,82.0,0.5,2.0,1.0
2020-07-27,NA,8,1,19.0,28.0,NA,NA,18.5,82.4,1.7,NA,1.0
2020-07-28,NA,9,1,26.0,NA,NA,NA,0.0,NA,0.0,1.0,2.0
2020-07-29,NA,9,1,NA,NA,NA,NA,0.0,NA,0.0,NA,1.0
2020-07-30,NA,1,8,21.0,17.0,NA,NA,0.0,NA,0.0,NA,1.0
2020-07-31,NA,2,1,NA,NA,NA,NA,0.0,NA,0.0,2.0,2.0
2020-08-01,NA,1,2,NA,NA,NA,NA,21.8,58.0,2.0,1.0,1.0
2020-08-02,NA,15,2,11.0,19.0,NA,NA,0.0,NA,0.0,1.0,1.0
2020-08-03,NA,2,1,NA,NA,NA,NA,18.1,NA,1.1,1.0,1.0
2020-08-04,NA,1,6,NA,NA,NA,NA,18.7,NA,0.0,3.0,3.0
2020-08-05,NA,2,2,21.0,11.0,NA,NA,17.3,NA,0.0,NA,1.0
2020-08-06,NA,2,1,NA,NA,NA,NA,17.4,NA,0.0,NA,1.0
2020-08-07,NA,1,2,NA,NA,NA,NA,18.5,NA,0.0,1.0,1.0
2020-08-08,NA,1,3,17.0,15.0,NA,NA,19.1,NA,0.0,NA,1.0
2020-08-09,NA,7,1,NA,NA,NA,NA,0.0,NA,0.0,1.0,1.0
2020-08-10,NA,8,1,NA,NA,NA,NA,20.1,76.9,2.3,NA,1.0
2020-08-11,NA,6,1,13.0,13.0,NA,NA,20.5,77.2,2.1,1.0,2.0
2020-08-12,NA,1,1,NA,NA,NA,NA,0.0,NA,0.0,1.0,1.0
2020-08-13,NA,1,1,NA,NA,NA,NA,0.0,NA,0.0,2.0,1.0
2020-08-14,NA,2,1,17.0,7.0,NA,NA,16.8,91.0,1.1,1.0,1.0
2020-08-15,NA,1,1,NA,NA,NA,NA,0.0,NA,0.0,1.0,1.0
2020-08-16,NA,1,3,NA,NA,NA,NA,0.0,NA,0.0,NA,1.0
2020-08-17,NA,1,1,13.0,11.0,NA,NA,0.0,NA,0.0,NA,1.0
2020-08-18,NA,4,2,NA,NA,NA,NA,17.3,87.8,1.9,NA,1.0
2020-08-19,NA,8,1,NA,NA,NA,NA,0.0,NA,0.0,2.0,1.0
2020-08-20,NA,8,430,12.0,15.0,NA,NA,20.0,75.3,1.4,2.0,1.0
2020-08-21,NA,3,1,NA,NA,NA,NA,18.3,83.2,2.0,1.0,1.0
2020-08-22,NA,5,447,NA,NA,NA,NA,16.2,NA,1.3,1.0,2.0
2020-08-23,NA,8,1,12.0,8.0,NA,NA,16.5,NA,1.7,1.0,2.0
2020-08-24,NA,1,2,NA,NA,NA,NA,16.4,NA,1.4,1.0,1.0
2020-08-25,NA,4,1,NA,NA,NA,NA,16.4,NA,1.1,1.0,1.0
2020-08-26,NA,1,3,11.0,12.0,NA,NA,16.8,NA,1.2,NA,1.0
2020-08-27,NA,1,1,NA,NA,NA,NA,16.9,NA,1.4,NA,1.0
2020-08-28,NA,7,1,NA,NA,NA,NA,17.0,NA,1.4,1.0,1.0
2020-08-29,NA,29,3,14.0,9.0,NA,NA,15.3,NA,1.5,2.0,1.0
2020-08-30,NA,1,1,NA,NA,NA,NA,15.2,NA,1.3,1.0,1.0
2020-08-31,NA,5,1,NA,NA,NA,NA,16.6,NA,1.3,1.0,2.0
2020-09-01,NA,1,4,24.0,10.0,NA,NA,16.6,NA,1.6,1.0,2.0
2020-09-02,NA,3,1,NA,NA,NA,NA,15.9,NA,1.8,1.0,1.0
2020-09-03,NA,29,2,NA,NA,NA,NA,16.4,NA,1.4,1.0,1.0
2020-09-04,NA,1,2,12.0,10.0,NA,NA,16.9,NA,1.6,1.0,1.0
2020-09-05,NA,3,1,NA,NA,NA,NA,18.5,NA,1.3,1.0,1.0
2020-09-06,NA,10,1,NA,NA,NA,NA,16.7,NA,1.9,1.0,1.0
2020-09-07,NA,6,1,14.0,18.0,NA,NA,16.6,NA,1.5,1.0,1.0
2020-09-08,NA,7,1,NA,NA,NA,NA,0.0,NA,0.0,1.0,1.0
2020-09-09,NA,1,14,NA,NA,NA,NA,0.0,NA,0.0,2.0,1.0
2020-09-10,NA,1,1,12.0,7.0,NA,NA,0.0,NA,0.0,1.0,1.0
2020-09-11,NA,2,3,NA,NA,NA,NA,17.4,NA,1.3,1.0,1.0
2020-09-12,NA,6,1,NA,NA,NA,NA,16.7,NA,1.1,1.0,1.0
2020-09-13,NA,74,16,13.0,11.0,NA,NA,17.8,NA,1.0,NA,1.0
2020-09-14,NA,1,1,NA,NA,NA,NA,18.0,NA,1.1,NA,2.0
2020-09-15,NA,2,8,NA,NA,NA,NA,17.5,NA,1.4,1.0,1.0
2020-09-16,NA,2,2,15.0,9.0,NA,NA,15.7,NA,1.6,1.0,1.0
2020-09-17,NA,2,1,NA,NA,NA,NA,16.3,NA,1.5,2.0,1.0
2020-09-18,NA,1,3,NA,NA,NA,NA,16.0,NA,1.3,1.0,1.0
2020-09-19,NA,1,1,24.0,9.0,NA,NA,16.6,NA,1.6,1.0,1.0
2020-09-20,NA,4,1,NA,NA,NA,NA,17.0,NA,1.2,NA,1.0
2020-09-21,NA,1,1,NA,NA,NA,NA,16.5,NA,1.2,2.0,1.0
2020-09-22,NA,3,1,16.0,11.0,NA,NA,0.0,NA,0.0,1.0,1.0
2020-09-23,NA,1,2,NA,NA,NA,NA,16.8,NA,1.2,NA,1.0
2020-09-24,NA,2,1,NA,NA,NA,NA,17.3,NA,1.3,3.0,1.0
2020-09-25,NA,1,2,14.0,10.0,NA,NA,17.2,NA,1.3,2.0,1.0
2020-09-26,NA,1,1,NA,NA,NA,NA,16.5,NA,1.3,1.0,2.0
2020-09-27,NA,3,3,NA,NA,NA,NA,16.7,NA,1.5,1.0,1.0
2020-09-28,NA,8,5,14.0,7.0,NA,NA,16.7,NA,1.5,1.0,1.0
2020-09-29,NA,8,3,NA,NA,NA,NA,16.3,NA,1.3,1.0,1.0
2020-09-30,NA,21,45,NA,NA,NA,NA,16.3,NA,1.3,2.0,1.0
2020-10-01,NA,1,3,16.0,24.0,NA,NA,17.0,NA,1.2,1.0,1.0
2020-10-02,NA,6,4,NA,NA,NA,NA,16.6,NA,1.2,1.0,1.0
2020-10-03,NA,2,4,NA,NA,NA,NA,16.2,NA,1.2,1.0,1.0
2020-10-04,NA,15,5,19.0,NA,NA,NA,15.6,NA,1.0,1.0,NA
2020-10-05,NA,4,1,NA,NA,NA,NA,16.2,NA,1.2,1.0,1.0
2020-10-06,NA,2,16,NA,NA,NA,NA,16.8,NA,1.5,1.0,1.0
2020-10-07,NA,4,1,14.0,11.0,NA,NA,16.2,NA,1.4,1.0,3.0
2020-10-08,NA,1,2,NA,NA,NA,NA,16.7,NA,1.2,1.0,3.0
2020-10-09,NA,1,507,NA,NA,NA,NA,17.3,NA,1.2,1.0,1.0
2020-10-10,NA,4,1,28.0,18.0,NA,NA,17.9,NA,1.3,2.0,1.0
2020-10-11,NA,3,3,NA,NA,NA,NA,NA,NA,NA,2.0,1.0
2020-10-12,NA,1,5,NA,NA,NA,NA,NA,NA,NA,1.0,1.0
2020-10-13,NA,4,3,19.0,NA,NA,NA,NA,NA,NA,1.0,1.0
2020-10-14,NA,13,1,NA,NA,NA,NA,NA,NA,NA,1.0,2.0
2020-10-15,NA,23,1,NA,NA,NA,NA,NA,NA,NA,1.0,1.0
2020-10-16,NA,30,4,34.0,NA,NA,NA,18.7,NA,1.2,1.0,1.0
2020-10-17,NA,3,1,35.0,NA,NA,NA,17.3,NA,1.6,NA,1.0
2020-10-18,NA,8,1,NA,NA,NA,NA,16.5,NA,1.6,NA,1.0
2020-10-19,NA,2,2,NA,NA,NA,NA,15.4,NA,0.9,1.0,3.0
2020-10-20,NA,17,5,18.0,16.0,NA,NA,17.4,NA,1.3,1.0,1.0
2020-10-21,NA,4,34,NA,NA,NA,NA,16.9,NA,1.1,1.0,3.0
2020-10-22,NA,2,1,30.0,18.0,NA,NA,17.2,NA,1.3,1.0,1.0
2020-10-23,NA,2,1,NA,NA,NA,NA,17.1,NA,1.3,1.0,1.0
2020-10-24,NA,5,1,NA,NA,NA,NA,15.5,NA,1.1,1.0,1.0
2020-10-25,NA,3,1,29.0,16.0,NA,NA,16.5,NA,1.1,1.0,1.0
2020-10-26,NA,6,1,NA,NA,NA,NA,16.9,NA,1.0,2.0,1.0
2020-10-27,NA,1,2,NA,NA,NA,NA,16.7,NA,1.2,NA,5.0
2020-10-28,NA,8,1,21.0,14.0,NA,NA,15.6,NA,1.1,NA,3.0
2020-10-29,NA,8,5,28.0,NA,NA,NA,15.9,NA,1.3,1.0,1.0
2020-10-30,NA,5,6,NA,NA,NA,NA,16.2,NA,1.1,1.0,1.0
2020-10-31,NA,1,3,17.0,5.0,NA,NA,15.4,NA,1.2,1.0,2.0
2020-11-01,NA,2,6,14.0,NA,NA,NA,15.4,NA,1.6,NA,1.0
2020-11-02,NA,1,5,NA,NA,NA,NA,17.0,NA,1.3,1.0,1.0
2020-11-03,NA,6,1,NA,10.0,NA,NA,17.2,NA,1.0,1.0,1.0
2020-11-04,NA,2,1,34.0,NA,NA,NA,17.2,NA,1.1,1.0,1.0
2020-11-05,NA,1,2,NA,NA,NA,NA,16.1,NA,1.0,1.0,1.0
2020-11-06,NA,33,13,NA,17.0,NA,NA,15.8,NA,1.3,1.0,1.0
2020-11-07,NA,3,11,33.0,NA,NA,NA,17.3,NA,1.0,1.0,1.0
2020-11-08,NA,1,1,NA,NA,NA,NA,16.5,NA,1.0,2.0,1.0
2020-11-09,NA,5,1,NA,NA,NA,NA,15.9,NA,1.3,1.0,1.0
2020-11-10,NA,13,2,21.0,18.0,NA,NA,16.0,NA,0.9,1.0,1.0
2020-11-11,NA,1,3,NA,NA,NA,NA,15.3,NA,0.9,1.0,1.0
2020-11-12,NA,14,4,NA,NA,NA,NA,15.6,NA,1.1,1.0,4.0
2020-11-13,NA,2,2,12.0,15.0,NA,NA,15.7,NA,1.3,1.0,1.0
2020-11-14,NA,3,1,NA,NA,NA,NA,14.8,NA,1.1,1.0,1.0
2020-11-15,NA,3,7,NA,NA,NA,NA,16.1,NA,1.4,1.0,3.0
2020-11-16,NA,1,4,20.0,14.0,NA,NA,15.8,NA,1.2,2.0,NA
2020-11-17,NA,1,1,NA,NA,NA,NA,15.6,NA,1.4,1.0,2.0
2020-11-18,NA,2,3,39.0,NA,NA,NA,15.7,NA,0.8,1.0,1.0
2020-11-19,NA,11,1,NA,16.0,NA,NA,16.2,NA,1.5,1.0,2.0
2020-11-20,NA,1,3,NA,NA,NA,NA,15.6,NA,1.3,1.0,1.0
2020-11-21,NA,1,3,NA,NA,NA,NA,15.7,NA,1.1,1.0,2.0
2020-11-22,NA,2,1,23.0,15.0,NA,NA,17.2,NA,1.1,1.0,1.0
2020-11-23,NA,2,6,NA,NA,NA,NA,17.5,NA,1.0,NA,1.0
2020-11-24,NA,1,1,NA,NA,NA,NA,16.9,NA,1.2,1.0,1.0
2020-11-25,NA,1,2,34.0,6.0,NA,NA,16.2,NA,1.0,6.0,3.0
2020-11-26,NA,1,1,NA,NA,NA,NA,17.4,86.9,1.0,1.0,1.0
2020-11-27,NA,1,1,NA,NA,NA,NA,17.2,92.0,1.0,1.0,2.0
2020-11-28,NA,5,2,19.0,15.0,NA,NA,16.0,NA,1.1,3.0,2.0
2020-11-29,NA,13,4,NA,NA,NA,NA,16.7,NA,1.2,1.0,1.0
2020-11-30,NA,1,1,NA,NA,NA,NA,17.1,88.0,1.6,1.0,1.0
2020-12-01,NA,2,2,11.0,8.0,NA,NA,17.6,87.2,1.5,1.0,3.0
2020-12-02,NA,4,3,NA,NA,NA,NA,17.1,88.3,2.3,6.0,1.0
2020-12-03,NA,2,1,NA,NA,NA,NA,16.6,89.9,1.4,1.0,1.0
2020-12-04,NA,8,15,21.0,17.0,NA,NA,19.2,78.3,2.0,1.0,2.0
2020-12-05,NA,1,36,NA,NA,NA,NA,17.2,NA,1.0,1.0,1.0
2020-12-06,NA,2,12,NA,NA,NA,NA,17.3,NA,1.0,NA,1.0
2020-12-07,NA,1,1,17.0,18.0,NA,NA,18.9,79.6,2.0,1.0,1.0
2020-12-08,NA,3,2,NA,NA,NA,NA,17.0,NA,1.2,1.0,1.0
2020-12-09,NA,1,1,NA,NA,NA,NA,16.6,89.1,1.2,1.0,1.0
2020-12-10,NA,5,1,25.0,17.0,NA,NA,18.1,82.6,2.2,NA,1.0
2020-12-11,NA,4,1,NA,NA,NA,NA,19.1,80.8,0.9,1.0,1.0
2020-12-12,NA,1,1,NA,NA,NA,NA,18.0,83.0,0.4,1.0,1.0
2020-12-13,NA,2,4,17.0,16.0,NA,NA,17.3,NA,1.0,NA,1.0
2020-12-14,NA,15,1,NA,NA,NA,NA,19.2,76.6,1.5,1.0,2.0
2020-12-15,NA,6,2,36.0,NA,NA,NA,18.1,83.6,2.8,NA,3.0
2020-12-16,NA,3,1,16.0,8.0,NA,NA,18.8,80.5,0.0,1.0,1.0
2020-12-17,NA,1,1,NA,NA,NA,NA,18.6,81.6,1.6,1.0,1.0
2020-12-18,NA,1,1,NA,NA,NA,NA,17.1,85.4,0.1,1.0,1.0
2020-12-19,NA,33,1,22.0,12.0,NA,NA,16.5,NA,1.0,1.0,2.0
2020-12-20,NA,1,26,NA,NA,NA,NA,15.9,NA,1.0,NA,3.0
2020-12-21,NA,1,9,NA,NA,NA,NA,18.8,81.0,2.6,1.0,1.0
2020-12-22,NA,8,1,22.0,11.0,NA,NA,19.5,77.3,0.1,1.0,1.0
2020-12-23,NA,1,1,NA,NA,NA,NA,19.7,78.4,0.0,1.0,1.0
2020-12-24,NA,2,8,NA,NA,NA,NA,16.9,NA,1.1,1.0,1.0
2020-12-25,NA,1,1,23.0,3.0,NA,NA,15.4,NA,1.1,NA,1.0
2020-12-26,NA,4,1,NA,NA,NA,NA,14.9,NA,1.0,NA,2.0
2020-12-27,NA,41,4,NA,NA,NA,NA,14.7,NA,1.2,1.0,1.0
2020-12-28,NA,1,2,9.0,5.0,NA,NA,18.8,80.0,0.0,2.0,1.0
2020-12-29,NA,1,1,NA,NA,NA,NA,16.1,88.3,0.0,1.0,1.0
2020-12-30,NA,1,1,NA,NA,NA,NA,16.1,NA,1.3,1.0,1.0
2020-12-31,NA,1,2,NA,NA,NA,NA,16.1,NA,1.1,1.0,1.0
2021-01-01,NA,1,4,16.0,12.0,NA,NA,16.4,NA,0.9,NA,2.0
2021-01-02,NA,2,1,NA,NA,NA,NA,16.8,NA,1.1,NA,1.0
2021-01-03,NA,2,3,NA,NA,NA,NA,15.7,NA,1.5,NA,NA
2021-01-04,NA,2,14,13.0,5.0,NA,NA,16.4,NA,1.1,NA,3.0
2021-01-05,NA,1,10,NA,NA,NA,NA,15.3,NA,1.1,NA,1.0
2021-01-06,NA,3,1,NA,NA,NA,NA,15.5,NA,1.1,NA,1.0
2021-01-07,NA,18,4,11.0,10.0,NA,NA,15.8,NA,1.1,NA,NA
2021-01-08,NA,1,1,NA,NA,NA,NA,15.7,NA,0.9,NA,3.0
2021-01-09,NA,1,1,NA,NA,NA,NA,15.6,NA,1.1,NA,1.0
2021-01-10,NA,8,2,26.0,10.0,NA,NA,16.5,NA,1.1,NA,1.0
2021-01-11,NA,1,2,NA,NA,NA,NA,16.3,NA,1.1,NA,NA
2021-01-12,NA,4,1,NA,NA,NA,NA,17.0,89.1,3.0,NA,1.0
2021-01-13,NA,1,8,20.0,7.0,NA,NA,18.5,80.2,2.9,NA,1.0
2021-01-14,NA,1,1,NA,NA,NA,NA,19.0,80.7,2.7,NA,1.0
2021-01-15,NA,2,2,NA,NA,NA,NA,19.5,80.0,3.8,NA,1.0
2021-01-16,NA,2,1,15.0,14.0,NA,NA,17.3,NA,1.2,NA,1.0
2021-01-17,NA,2,4,NA,NA,NA,NA,16.9,NA,1.0,NA,1.0
2021-01-18,NA,1,1,NA,NA,NA,NA,19.3,76.0,2.7,NA,1.0
2021-01-19,NA,15,1,22.0,12.0,NA,NA,16.8,82.0,2.7,NA,1.0
2021-01-20,NA,8,2,NA,NA,NA,NA,17.7,NA,1.4,NA,1.0
2021-01-21,NA,4,12,NA,NA,NA,NA,18.0,83.1,2.6,NA,NA
2021-01-22,NA,1,1,21.0,5.0,NA,NA,17.9,76.9,1.6,NA,1.0
2021-01-23,NA,3,1,NA,NA,NA,NA,15.8,NA,1.2,NA,1.0
2021-01-24,NA,4,2,NA,NA,NA,NA,17.0,NA,1.1,NA,NA
2021-01-25,NA,13,1,22.0,15.0,NA,NA,19.1,78.4,1.8,NA,1.0
2021-01-26,NA,35,9,32.0,NA,NA,NA,18.1,83.5,2.0,NA,1.0
2021-01-27,NA,6,10,NA,NA,NA,NA,20.3,73.4,2.3,NA,1.0
2021-01-28,NA,6,3,25.0,13.0,NA,NA,19.2,78.7,2.4,NA,1.0
2021-01-29,NA,12,2,NA,NA,NA,NA,19.3,79.1,2.3,NA,1.0
2021-01-30,NA,2,2,NA,NA,NA,NA,19.7,76.3,2.8,NA,1.0
2021-01-31,NA,1,1,18.0,16.0,NA,NA,18.2,NA,1.0,NA,1.0
2021-02-01,NA,6,8,NA,NA,NA,NA,19.5,75.9,1.7,NA,1.0
2021-02-02,NA,12,1,NA,NA,NA,NA,18.2,82.2,1.8,NA,1.0
2021-02-03,NA,13,2,27.0,24.0,NA,NA,19.7,79.0,2.0,NA,1.0
2021-02-04,NA,2,2,NA,NA,NA,NA,19.4,77.7,1.8,NA,1.0
2021-02-05,NA,1,3,21.0,NA,NA,NA,18.5,83.7,1.8,NA,3.0
2021-02-06,NA,21,1,19.0,15.0,NA,NA,17.1,NA,1.5,NA,1.0
2021-02-07,NA,12,1,NA,NA,NA,NA,17.8,NA,1.3,NA,2.0
2021-02-08,NA,2,1,NA,NA,NA,NA,20.0,79.8,1.1,NA,2.0
2021-02-09,NA,3,1,21.0,19.0,NA,NA,0.0,NA,0.0,NA,1.0
2021-02-10,NA,1,1,NA,NA,NA,NA,18.7,81.7,0.0,NA,1.0
2021-02-11,8.0,1,1,NA,NA,NA,NA,18.8,79.6,1.2,NA,1.0
2021-02-12,7.0,1,1,29.0,21.0,NA,NA,16.4,93.2,0.4,NA,1.0
2021-02-13,7.0,1,1,NA,NA,NA,NA,15.6,NA,1.0,NA,2.0
2021-02-14,6.0,10,1,NA,NA,NA,NA,16.4,NA,1.0,NA,NA
2021-02-15,6.0,1,1,11.0,12.0,NA,NA,17.4,89.0,0.9,NA,1.0
2021-02-16,5.0,1,3,NA,NA,NA,NA,19.6,74.6,2.4,NA,1.0
2021-02-17,5.0,1,6,NA,NA,NA,NA,17.0,87.7,2.0,NA,1.0
2021-02-18,4.0,2,1,27.0,16.0,NA,NA,16.4,95.9,0.1,NA,1.0
2021-02-19,4.0,5,8,NA,NA,NA,NA,16.0,92.4,1.3,NA,1.0
2021-02-20,5.0,3,2,NA,NA,NA,NA,16.0,NA,1.4,NA,1.0
2021-02-21,4.0,7,1,21.0,20.0,NA,NA,15.9,NA,1.4,NA,1.0
2021-02-22,4.0,8,1,NA,NA,NA,NA,16.6,92.2,1.4,NA,1.0
2021-02-23,4.0,1,1,NA,NA,NA,NA,16.7,91.4,1.6,NA,1.0
2021-02-24,5.0,1,2,29.0,20.0,NA,NA,20.2,74.5,2.1,NA,1.0
2021-02-25,5.0,1,8,NA,NA,NA,NA,19.1,83.7,1.3,NA,1.0
2021-02-26,5.0,2,7,NA,NA,NA,NA,18.6,85.7,1.5,NA,NA
2021-02-27,5.0,2,1,26.0,23.0,NA,NA,16.2,NA,1.7,NA,2.0
2021-02-28,4.0,6,5,NA,NA,NA,NA,16.2,NA,1.1,NA,1.0
2021-03-01,4.0,33,3,NA,NA,7.45375,11.36333333,16.0,94.0,2.0,NA,1.0
2021-03-02,4.0,11,1,12.0,7.0,8.19791667,9.26541667,16.7,88.8,2.1,NA,1.0
2021-03-03,4.0,3,6,23.0,NA,7.66083333,11.855,17.3,85.5,2.1,NA,1.0
2021-03-04,4.0,3,1,NA,NA,7.32666667,11.84416667,16.8,89.8,1.5,NA,1.0
2021-03-05,4.0,19,1,11.0,8.0,7.2225,13.61291667,17.9,86.5,1.7,NA,2.0
2021-03-06,4.0,10,2,NA,NA,7.46666667,14.67041667,17.0,NA,1.3,NA,1.0
2021-03-07,NA,1,1,NA,NA,6.38166667,17.58625,17.5,NA,1.3,NA,1.0
2021-03-08,3.0,2,1,17.0,13.0,6.10208333,14.22333333,17.3,86.7,0.7,NA,1.0
2021-03-09,4.0,11,2,NA,NA,7.6275,15.17708333,18.1,80.1,3.8,NA,3.0
2021-03-10,4.0,1,1,NA,NA,6.88083333,12.52416667,16.1,91.0,2.0,NA,1.0
2021-03-11,3.0,7,26,24.0,8.0,6.29458333,10.39375,15.3,93.9,1.8,NA,1.0
2021-03-12,3.0,6,2,NA,NA,5.39666667,10.10375,16.2,87.4,1.8,NA,1.0
2021-03-13,4.0,1,4,NA,NA,6.70875,10.31291667,15.2,NA,1.8,NA,1.0
2021-03-14,3.0,11,1,14.0,12.0,5.62833333,13.43791667,16.4,NA,1.1,NA,1.0
2021-03-15,3.0,21,1,15.0,NA,6.40375,10.76416667,16.4,90.9,1.4,NA,NA
2021-03-16,3.0,2,1,NA,NA,6.41583333,14.43791667,17.8,75.4,2.4,NA,1.0
2021-03-17,3.0,2,1,23.0,17.0,6.05541667,9.614,17.1,90.9,1.8,NA,1.0
2021-03-18,4.0,48,1,NA,NA,6.51,15.1825,15.5,93.5,1.7,NA,1.0
2021-03-19,4.0,9,457,NA,NA,7.9325,13.28458333,18.0,81.0,3.0,NA,1.0
2021-03-20,5.0,6,1,24.0,15.0,8.95166667,9.91791667,14.7,NA,1.2,NA,1.0
2021-03-21,4.0,2,2,NA,NA,7.12833333,17.71478261,16.7,NA,1.2,NA,1.0
2021-03-22,3.0,2,1,NA,NA,5.2875,NA,14.5,NA,1.3,NA,2.0
2021-03-23,3.0,2,4,18.0,13.0,5.81791667,20.05571429,17.6,83.3,2.7,NA,1.0
2021-03-24,4.0,81,1,NA,NA,8.34125,13.67375,18.2,84.3,1.7,NA,1.0
2021-03-25,5.0,1,1,NA,NA,9.04041667,15.31083333,18.9,79.1,2.1,NA,1.0
2021-03-26,4.0,1,3,32.0,24.0,7.69958333,16.66375,18.7,80.4,1.8,NA,1.0
2021-03-27,4.0,13,1,NA,NA,8.23,14.33708333,16.4,NA,1.3,NA,1.0
2021-03-28,4.0,1,1,NA,NA,7.49666667,17.25583333,17.0,NA,1.1,NA,1.0
2021-03-29,4.0,1,1,14.0,11.0,8.30416667,13.47,17.0,NA,1.2,NA,1.0
2021-03-30,4.0,1,1,NA,NA,7.03541667,16.50958333,17.8,NA,1.2,NA,1.0
2021-03-31,4.0,7,4,NA,NA,6.60583333,17.7125,17.6,NA,1.1,NA,1.0
2021-04-01,4.0,6,1,11.0,11.0,6.84416667,25.3925,16.3,NA,1.7,NA,1.0
2021-04-02,3.0,1,1,NA,NA,6.08083333,31.08666667,16.7,NA,1.3,NA,1.0
2021-04-03,4.0,4,6,NA,NA,7.71,25.98333333,16.9,NA,1.3,NA,1.0
2021-04-04,3.0,1,10,13.0,12.0,5.97041667,32.99625,17.3,NA,1.0,NA,1.0
2021-04-05,4.0,1,1,NA,NA,7.47875,34.21041667,17.5,NA,1.5,NA,2.0
2021-04-06,4.0,7,1,NA,NA,6.71541667,36.92791667,16.3,NA,1.1,NA,1.0
2021-04-07,4.0,1,1,13.0,11.0,7.15041667,30.16541667,18.9,80.7,1.8,NA,2.0
2021-04-08,4.0,2,1,NA,NA,8.09375,17.208,0.0,NA,0.0,NA,1.0
2021-04-09,3.0,1,1,NA,NA,4.65,22.48571429,16.6,90.4,2.8,NA,1.0
2021-04-10,3.0,9,1,8.0,5.0,5.69041667,25.88291667,16.9,NA,1.1,NA,NA
2021-04-11,3.0,4,1,NA,NA,4.8125,36.64458333,17.3,NA,1.5,NA,1.0
2021-04-12,4.0,1,1,NA,NA,7.185,28.205,20.0,79.8,1.9,NA,1.0
2021-04-13,3.0,5,1,13.0,4.0,5.96708333,28.75,19.8,78.4,1.5,NA,1.0
2021-04-14,3.0,12,2,NA,NA,5.86083333,25.87,19.3,82.0,1.5,NA,1.0
2021-04-15,3.0,1,8,NA,NA,6.37583333,26.70041667,18.7,83.0,1.6,NA,1.0
2021-04-16,3.0,14,1,13.0,6.0,5.96375,29.42708333,17.4,87.5,1.8,NA,2.0
2021-04-17,3.0,4,1,NA,NA,4.8075,33.60916667,17.4,NA,1.2,NA,1.0
2021-04-18,2.0,1,1,NA,NA,4.54541667,41.62166667,16.9,NA,1.5,NA,1.0
2021-04-19,4.0,4,4,16.0,7.0,6.57541667,27.28583333,17.7,NA,1.2,NA,1.0
2021-04-20,3.0,1,1,24.0,NA,6.215,31.44125,19.3,81.1,3.3,NA,2.0
2021-04-21,4.0,1,2,NA,NA,6.75625,28.11291667,17.4,85.2,1.4,NA,2.0
2021-04-22,3.0,1,1,26.0,6.0,6.38333333,36.88333333,20.6,75.3,1.8,NA,1.0
2021-04-23,3.0,1,4,NA,NA,5.945,23.13,16.2,91.0,1.8,NA,1.0
2021-04-24,3.0,1,1,NA,NA,5.12291667,34.41541667,17.3,NA,1.2,NA,2.0
2021-04-25,2.0,1,1,24.0,9.0,4.28391304,46.2826087,18.0,NA,1.2,NA,1.0
2021-04-26,2.0,1,1,NA,NA,3.66625,42.0425,17.9,89.0,1.0,NA,1.0
2021-04-27,2.0,1,8,NA,NA,4.10458333,35.22791667,17.0,90.9,0.9,NA,2.0
2021-04-28,2.0,1,2,12.0,8.0,3.80708333,36.20958333,15.4,NA,1.0,NA,2.0
2021-04-29,2.0,1,3,NA,NA,4.44083333,29.54416667,0.0,NA,0.0,NA,1.0
2021-04-30,3.0,1,6,NA,NA,4.65458333,18.55583333,16.4,90.8,0.9,NA,2.0
2021-05-01,2.0,1,119,23.0,13.0,4.03416667,29.79083333,15.4,NA,1.3,NA,1.0
2021-05-02,2.0,15,1,NA,NA,2.95833333,29.09875,14.9,NA,1.6,NA,1.0
2021-05-03,2.0,7,3,NA,NA,4.15125,25.13958333,14.8,NA,1.5,NA,1.0
2021-05-04,3.0,1,1,23.0,12.0,4.85791667,24.39791667,18.3,76.9,1.5,NA,1.0
2021-05-05,3.0,14,2,24.0,NA,5.33833333,20.02625,18.4,84.5,2.3,NA,1.0
2021-05-06,3.0,8,1,NA,NA,5.16208333,25.21708333,18.7,81.9,1.9,NA,2.0
2021-05-07,3.0,10,10,23.0,11.0,4.96416667,24.30208333,19.0,81.1,2.3,NA,3.0
2021-05-08,3.0,2,3,NA,NA,5.66625,19.345,16.6,NA,1.3,NA,1.0
2021-05-09,4.0,5,1,NA,NA,7.88625,19.3175,16.7,NA,1.4,NA,2.0
2021-05-10,4.0,6,2,19.0,16.0,8.06958333,15.48041667,17.3,83.8,0.9,NA,1.0
2021-05-11,3.0,5,2,NA,NA,5.85583333,18.64958333,20.0,76.2,1.5,NA,1.0
2021-05-12,2.0,8,1,NA,NA,4.56458333,22.97625,19.5,80.4,1.5,NA,1.0
2021-05-13,2.0,5,1,16.0,14.0,4.40166667,29.8825,21.0,75.0,2.0,NA,1.0
2021-05-14,3.0,15,1,NA,NA,5.16541667,23.32166667,19.1,86.3,1.8,NA,1.0
2021-05-15,3.0,1,2,NA,NA,5.52375,28.20166667,17.7,NA,1.5,NA,1.0
2021-05-16,2.0,6,1,12.0,18.0,3.495,28.17833333,16.5,NA,1.4,NA,1.0
2021-05-17,2.0,3,1,NA,NA,3.26913043,24.73043478,16.3,NA,1.2,NA,1.0
2021-05-18,3.0,31,1,NA,NA,4.73208333,27.3625,15.9,NA,1.1,NA,1.0
2021-05-19,3.0,2,1,30.0,21.0,5.10625,22.4225,18.8,82.8,1.6,NA,1.0
2021-05-20,3.0,1,2,NA,NA,5.3625,28.46291667,20.0,80.6,2.1,NA,1.0
2021-05-21,3.0,1,2,NA,NA,5.77916667,25.43875,19.4,85.5,1.3,NA,1.0
2021-05-22,4.0,3,2,25.0,18.0,6.58125,27.35,18.4,88.8,1.4,NA,2.0
2021-05-23,3.0,20,18,NA,NA,4.65041667,24.81916667,17.4,NA,1.2,NA,2.0
2021-05-24,3.0,4,2,NA,NA,5.11583333,23.07916667,17.3,NA,1.3,NA,2.0
2021-05-25,2.0,2,1,18.0,18.0,4.30291667,26.90583333,19.4,82.0,1.5,NA,1.0
2021-05-26,2.0,3,1,NA,NA,4.48208333,31.98583333,18.5,85.6,2.0,NA,1.0
2021-05-27,3.0,36,1,NA,NA,6.27,16.28791667,17.8,86.9,0.9,NA,2.0
2021-05-28,3.0,2,1,14.0,21.0,5.50625,13.21125,16.8,90.3,0.6,NA,2.0
2021-05-29,3.0,20,2,NA,NA,4.95416667,21.37916667,16.0,NA,1.5,NA,1.0
2021-05-30,3.0,10,2,NA,NA,4.88125,18.14875,16.5,NA,1.3,NA,2.0
2021-05-31,4.0,6,1,19.0,16.0,6.54333333,20.74541667,18.4,85.0,1.7,NA,1.0
2021-06-01,3.0,1,3,NA,NA,5.17041667,15.55625,18.2,87.2,0.9,NA,NA
2021-06-02,4.0,4,9,NA,NA,7.33791667,24.12888889,18.6,85.5,1.5,NA,1.0
2021-06-03,3.0,1,10,19.0,14.0,6.35708333,26.57041667,17.7,86.1,2.1,NA,2.0
2021-06-04,3.0,3,4,NA,NA,5.20708333,26.70916667,20.7,77.7,1.6,NA,1.0
2021-06-05,3.0,2,1,NA,NA,5.95333333,28.30166667,17.7,NA,1.1,NA,1.0
2021-06-06,3.0,1,3,17.0,16.0,6.00541667,23.92583333,16.5,NA,1.1,NA,1.0
2021-06-07,3.0,1,2,NA,NA,4.88666667,18.06666667,15.6,NA,1.2,NA,1.0
2021-06-08,3.0,7,2,NA,NA,4.95333333,15.755,14.9,97.7,1.1,NA,1.0
2021-06-09,3.0,3,1,20.0,14.0,5.37291667,18.585,16.5,92.7,1.0,NA,1.0
2021-06-10,3.0,1,2,21.0,NA,6.11166667,14.92375,18.0,89.4,0.7,NA,1.0
2021-06-11,3.0,1,1,NA,NA,6.08708333,17.32,18.7,77.5,1.7,NA,1.0
2021-06-12,3.0,6,1,17.0,16.0,5.13416667,27.99583333,17.1,NA,1.3,NA,1.0
2021-06-13,2.0,2,2,NA,NA,3.39666667,31.47708333,15.1,NA,1.5,NA,1.0
2021-06-14,2.0,1,1,NA,NA,3.53458333,28.36333333,15.6,NA,1.3,NA,1.0
2021-06-15,2.0,12,1,15.0,10.0,3.99125,25.7525,15.2,NA,1.2,NA,1.0
2021-06-16,3.0,8,3,15.0,NA,6.48208333,31.70708333,17.6,82.6,0.9,NA,2.0
2021-06-17,3.0,6,2,NA,NA,5.2075,35.62083333,17.4,NA,1.0,NA,1.0
2021-06-18,3.0,1,31,16.0,24.0,6.38958333,26.44541667,17.3,NA,1.1,NA,1.0
2021-06-19,3.0,1,1,NA,NA,5.42958333,31.84583333,17.6,NA,1.2,NA,1.0
2021-06-20,2.0,1,4,NA,NA,4.63208333,32.57291667,16.6,NA,1.3,NA,1.0
2021-06-21,3.0,26,3,18.0,8.0,5.975,26.48791667,15.9,88.6,0.9,NA,1.0
2021-06-22,4.0,8,1,15.0,NA,7.24916667,24.74208333,0.0,NA,0.0,NA,1.0
2021-06-23,3.0,1,8,NA,NA,5.79875,35.735,0.0,NA,0.0,NA,2.0
2021-06-24,3.0,15,2,15.0,19.0,5.74333333,31.38083333,0.0,NA,0.0,NA,1.0
2021-06-25,4.0,2,2,NA,NA,6.55666667,29.29333333,15.9,NA,1.0,NA,1.0
2021-06-26,3.0,1,3,NA,NA,6.38208333,29.10791667,16.2,NA,1.3,NA,1.0
2021-06-27,3.0,6,1,15.0,19.0,4.98708333,34.83875,15.9,NA,1.1,NA,1.0
2021-06-28,4.0,2,1,NA,NA,6.65916667,34.68916667,16.8,NA,1.2,NA,NA
2021-06-29,4.0,1,1,NA,NA,6.7625,35.63333333,0.0,NA,0.0,NA,2.0
2021-06-30,4.0,8,430,32.0,20.0,7.81541667,29.7925,17.9,83.5,1.1,NA,2.0
2021-07-01,3.0,8,1,NA,NA,6.25666667,25.10916667,16.1,91.0,1.2,NA,2.0
2021-07-02,4.0,1,3,NA,NA,8.2325,25.03958333,18.3,81.6,1.4,NA,1.0
2021-07-03,4.0,29,3,16.0,19.0,6.63041667,30.73291667,16.8,NA,1.4,NA,1.0
2021-07-04,3.0,1,2,NA,NA,4.90875,32.87541667,15.6,NA,0.9,NA,1.0
2021-07-05,3.0,6,1,NA,NA,5.39833333,30.20416667,17.1,NA,0.9,NA,1.0
2021-07-06,4.0,1,1,16.0,14.0,7.37541667,31.54166667,19.9,74.6,1.5,NA,1.0
2021-07-07,4.0,74,16,22.0,NA,6.6725,40.17916667,19.5,77.6,1.7,NA,1.0
2021-07-08,3.0,2,2,NA,NA,5.86291667,42.20625,19.2,82.4,1.6,NA,1.0
2021-07-09,3.0,1,1,16.0,11.0,5.21,36.00916667,17.7,88.5,1.8,NA,1.0
2021-07-10,2.0,3,1,NA,NA,4.61125,31.23875,16.4,NA,1.0,NA,4.0
2021-07-11,2.0,1,2,NA,NA,3.46916667,33.20625,16.2,NA,1.0,NA,1.0
2021-07-12,3.0,8,5,17.0,13.0,5.44625,31.97583333,18.8,85.1,1.6,NA,1.0
2021-07-13,3.0,1,3,19.0,NA,5.18166667,35.78125,19.0,80.9,1.5,NA,1.0
2021-07-14,3.0,15,5,NA,NA,5.02666667,35.92625,18.5,83.6,1.2,NA,1.0
2021-07-15,3.0,4,1,26.0,21.0,5.67791667,41.58166667,20.2,75.4,1.8,NA,4.0
2021-07-16,3.0,4,1,NA,NA,4.89291667,31.70208333,18.3,81.8,1.2,NA,1.0
2021-07-17,3.0,4,3,NA,NA,5.01,36.1625,17.3,NA,1.2,NA,1.0
2021-07-18,2.0,30,4,13.0,15.0,4.27208333,30.2875,16.8,NA,1.0,NA,1.0
2021-07-19,3.0,17,5,NA,NA,5.52166667,33.60375,20.9,73.3,1.4,NA,1.0
2021-07-20,3.0,2,1,NA,NA,4.90541667,38.63541667,19.0,NA,1.2,NA,1.0
2021-07-21,3.0,3,1,16.0,13.0,5.57541667,36.1275,18.7,NA,1.0,NA,1.0
2021-07-22,3.0,8,1,NA,NA,4.67,34.03458333,20.0,75.7,0.9,NA,1.0
2021-07-23,3.0,1,3,NA,NA,5.86875,35.72833333,19.4,79.7,1.5,NA,1.0
2021-07-24,4.0,13,2,16.0,27.0,6.70166667,27.83916667,15.9,NA,1.3,NA,1.0
2021-07-25,2.0,2,2,NA,NA,4.215,21.55458333,14.7,NA,1.5,NA,1.0
2021-07-26,3.0,1,4,NA,NA,5.52291667,20.68375,17.6,86.0,1.6,NA,2.0
2021-07-27,3.0,5,2,34.0,25.0,5.005,24.46166667,16.8,87.0,0.7,NA,3.0
2021-07-28,4.0,2,2,NA,NA,6.89541667,30.12291667,20.2,77.0,1.5,NA,2.0
2021-07-29,4.0,8,15,NA,NA,6.65458333,31.06125,18.5,82.8,1.2,NA,1.0
2021-07-30,3.0,1,1,12.0,14.0,5.17958333,35.56583333,19.2,78.2,1.1,NA,2.0
2021-07-31,3.0,5,1,NA,NA,6.33166667,32.52625,19.0,NA,1.3,NA,2.0
2021-08-01,2.0,2,4,NA,NA,4.295,31.93083333,17.6,NA,1.2,NA,2.0
2021-08-02,2.0,3,1,25.0,19.0,4.34916667,33.37541667,19.9,75.3,1.4,NA,4.0
2021-08-03,3.0,33,1,20.0,NA,5.26458333,31.09416667,17.7,83.2,1.4,NA,2.0
2021-08-04,3.0,8,1,NA,NA,5.35875,40.84958333,19.3,75.5,1.3,NA,1.0
2021-08-05,3.0,1,1,25.0,25.0,5.0025,53.01833333,20.0,72.8,1.8,NA,1.0
2021-08-06,3.0,1,4,NA,NA,4.73083333,45.77541667,19.3,76.8,1.4,NA,1.0
2021-08-07,3.0,2,14,NA,NA,4.9975,39.24333333,17.3,NA,0.9,NA,1.0
2021-08-08,2.0,18,4,18.0,27.0,4.38583333,40.97375,17.1,NA,1.2,NA,1.0
2021-08-09,3.0,8,2,NA,NA,4.85166667,30.20791667,18.2,85.9,1.4,NA,3.0
2021-08-10,3.0,1,8,NA,NA,5.44166667,29.69125,18.2,84.1,0.8,NA,1.0
2021-08-11,3.0,2,1,18.0,28.0,5.19208333,25.64791667,18.5,83.8,1.2,NA,1.0
2021-08-12,3.0,15,1,NA,NA,5.02958333,34.2325,19.0,77.9,1.6,NA,1.0
2021-08-13,2.0,1,1,NA,NA,4.58041667,34.23833333,16.4,91.3,1.1,NA,1.0
2021-08-14,3.0,13,1,13.0,17.0,5.9425,27.07625,15.0,NA,1.5,NA,1.0
2021-08-15,2.0,6,3,NA,NA,4.465,27.31666667,15.4,NA,1.3,NA,4.0
2021-08-16,3.0,13,2,NA,NA,5.08333333,28.15208333,15.0,NA,1.1,NA,1.0
2021-08-17,3.0,21,1,21.0,17.0,5.76666667,35.55875,18.0,79.9,1.5,NA,1.0
2021-08-18,4.0,3,1,20.0,NA,6.8875,22.59416667,17.2,88.7,0.8,NA,1.0
2021-08-19,3.0,30,1,NA,NA,5.78875,27.60958333,16.3,89.8,1.0,NA,2.0
2021-08-20,3.0,1,1,22.0,20.0,5.82083333,31.86875,17.4,88.6,1.4,NA,1.0
2021-08-21,5.0,12,2,NA,NA,8.78,29.88208333,16.0,NA,1.3,NA,1.0
2021-08-22,3.0,11,4,NA,NA,6.03291667,35.25416667,17.3,NA,1.2,NA,2.0
2021-08-23,3.0,2,2,19.0,15.0,4.92916667,38.22125,18.3,85.2,1.5,NA,1.0
2021-08-24,3.0,1,1,NA,NA,5.60666667,41.905,17.1,90.7,1.2,NA,3.0
2021-08-25,3.0,1,36,NA,NA,4.92708333,39.46666667,16.8,90.8,2.0,NA,2.0
2021-08-26,3.0,70,5,11.0,22.0,5.9175,27.73083333,18.0,86.2,1.5,NA,4.0
2021-08-27,3.0,1,1,NA,NA,5.51625,34.06291667,16.8,89.3,1.5,NA,1.0
2021-08-28,3.0,1,4,NA,NA,5.59,37.08833333,16.7,NA,1.0,NA,1.0
2021-08-29,2.0,3,2,17.0,6.0,4.23916667,41.08583333,16.7,NA,1.1,NA,NA
2021-08-30,2.0,1,2,NA,NA,3.92833333,36.8675,15.5,93.2,1.0,NA,1.0
2021-08-31,2.0,1,1,NA,NA,3.98,NA,16.6,89.5,0.8,NA,1.0
2021-09-01,3.0,1,476,17.0,14.0,5.38833333,30.032,17.2,90.3,1.3,NA,1.0
2021-09-02,3.0,31,3,NA,NA,5.11208333,38.91708333,20.8,69.6,1.4,NA,1.0
2021-09-03,3.0,6,1,NA,NA,5.24458333,45.20875,0.0,NA,0.0,NA,1.0
2021-09-04,3.0,1,1,21.0,12.0,5.50083333,38.74958333,0.0,NA,0.0,NA,1.0
2021-09-05,4.0,3,3,NA,NA,6.97458333,36.66375,0.0,NA,0.0,NA,1.0
2021-09-06,3.0,52,1,NA,NA,5.41875,43.48263158,16.4,90.0,2.0,NA,2.0
2021-09-07,3.0,4,17,21.0,11.0,5.70875,31.72583333,0.0,NA,0.0,NA,3.0
2021-09-08,4.0,29,2,NA,NA,6.53875,24.28666667,0.0,NA,0.0,NA,3.0
2021-09-09,4.0,10,2,NA,NA,7.20416667,36.74708333,0.0,NA,0.0,NA,1.0
2021-09-10,3.0,1,1,19.0,13.0,5.39791667,33.06375,19.0,81.6,2.4,NA,2.0
2021-09-11,3.0,1,1,NA,NA,4.8375,33.71666667,0.0,NA,0.0,NA,1.0
2021-09-12,2.0,3,2,NA,NA,4.615,32.38041667,0.0,NA,0.0,NA,2.0
2021-09-13,3.0,1,1,16.0,12.0,6.1575,39.915,0.0,NA,0.0,NA,2.0
2021-09-14,3.0,3,3,NA,NA,5.76125,38.91125,0.0,NA,0.0,NA,1.0
2021-09-15,5.0,1,2,NA,NA,9.71916667,40.03291667,0.0,NA,0.0,NA,1.0
2021-09-16,4.0,1,1,16.0,13.0,7.80708333,44.57208333,19.6,72.7,0.4,NA,1.0
2021-09-17,3.0,1,2,NA,NA,6.32375,58.88541667,22.0,59.1,2.3,NA,1.0
2021-09-18,3.0,1,6,NA,NA,6.41208333,36.99,0.0,NA,0.0,NA,7.0
2021-09-19,3.0,4,4,17.0,15.0,5.52166667,NA,0.0,NA,0.0,NA,3.0
2021-09-20,4.0,1,1,16.0,NA,7.14875,5.09541667,19.0,78.5,1.8,NA,1.0
2021-09-21,3.0,6,3,NA,NA,6.37916667,5.105,0.0,NA,0.0,NA,3.0
2021-09-22,3.0,1,1,16.0,13.0,5.2525,4.0575,0.0,NA,0.0,NA,5.0
2021-09-23,4.0,2,3,NA,NA,8.31,5.92416667,0.0,NA,0.0,NA,1.0
2021-09-24,3.0,1,1,NA,NA,5.83083333,4.465,21.8,72.0,2.4,NA,1.0
2021-09-25,4.0,1,1,20.0,18.0,7.93666667,5.45791667,0.0,NA,0.0,NA,1.0
2021-09-26,3.0,4,3,NA,NA,6.26583333,5.00541667,0.0,NA,0.0,NA,1.0
2021-09-27,6.0,25,4,NA,NA,10.48971429,55.40857143,19.0,76.0,1.7,NA,1.0
2021-09-28,4.0,9,2,21.0,21.0,6.48458333,51.32458333,16.7,86.2,1.2,NA,3.0
2021-09-29,3.0,1,12,NA,NA,4.67106383,50.65708333,17.5,82.2,1.0,NA,3.0
2021-09-30,2.0,1,3,NA,NA,3.62977273,65.82625,0.0,NA,0.0,NA,1.0
2021-10-01,5.0,1,1,18.0,30.0,7.365,50.23208333,18.8,82.0,1.6,NA,2.0
2021-10-02,5.0,1,1,NA,NA,7.25875,55.48041667,0.0,NA,0.0,NA,1.0
2021-10-03,4.0,23,1,NA,NA,6.25875,63.9125,17.5,NA,1.3,NA,NA
2021-10-04,3.0,1,1,22.0,26.0,6.44583333,44.265,0.0,NA,0.0,NA,1.0
2021-10-05,4.0,7,1,NA,NA,6.75708333,31.80541667,18.1,84.2,0.9,NA,1.0
2021-10-06,4.0,3,1,NA,NA,6.77166667,28.45083333,18.0,88.7,1.1,NA,1.0
2021-10-07,3.0,14,1,18.0,28.0,6.00583333,30.56791667,17.7,88.5,1.1,NA,1.0
2021-10-08,4.0,1,5,NA,NA,7.46833333,25.21166667,18.9,85.0,0.9,NA,1.0
2021-10-09,5.0,17,11,NA,NA,9.8975,26.62625,15.2,NA,1.2,NA,NA
2021-10-10,4.0,2,6,26.0,24.0,7.53956522,29.26043478,16.0,NA,1.1,NA,2.0
2021-10-11,4.0,1,1,22.0,NA,9.4525,19.7025,18.4,86.0,1.3,NA,1.0
2021-10-12,4.0,15,5,NA,NA,9.96,26.03583333,19.3,82.5,1.4,NA,1.0
2021-10-13,3.0,16,1,18.0,11.0,8.59416667,24.39541667,20.0,83.6,1.5,NA,2.0
2021-10-14,3.0,5,1,NA,NA,8.96791667,23.83958333,18.5,83.7,2.2,NA,3.0
2021-10-15,3.0,24,1,NA,NA,8.18541667,38.32791667,18.9,77.5,1.6,NA,1.0
2021-10-16,3.0,10,4,12.0,11.0,8.48791667,31.11125,16.6,NA,1.4,NA,1.0
2021-10-17,2.0,6,4,NA,NA,6.40625,32.6675,15.4,NA,1.0,NA,2.0
2021-10-18,3.0,2,1,NA,NA,8.01791667,36.85333333,16.6,NA,1.4,NA,1.0
2021-10-19,3.0,1,4,16.0,11.0,8.37416667,37.66666667,18.1,84.9,1.8,NA,1.0
2021-10-20,2.0,1,1,NA,NA,7.1875,39.63666667,17.3,87.8,1.4,NA,1.0
2021-10-21,3.0,4,1,NA,NA,8.35958333,32.75333333,17.2,86.5,1.3,NA,1.0
2021-10-22,4.0,2,1,23.0,17.0,10.14541667,21.24636364,17.1,88.5,1.0,NA,1.0
2021-10-23,4.0,86,1,NA,NA,9.65291667,NA,15.5,93.2,0.9,NA,2.0
2021-10-24,3.0,2,39,NA,NA,8.91666667,NA,16.8,87.1,1.2,NA,1.0
2021-10-25,3.0,2,1,14.0,10.0,8.585,35.617,16.3,90.0,1.2,NA,1.0
2021-10-26,3.0,1,3,NA,NA,7.60958333,26.66916667,16.2,92.9,1.3,NA,3.0
2021-10-27,3.0,3,4,16.0,15.0,8.57333333,29.00708333,16.4,89.8,0.8,NA,1.0
2021-10-28,3.0,1,1,NA,NA,8.31458333,33.01,16.9,86.7,1.6,NA,3.0
2021-10-29,3.0,2,1,NA,NA,8.32041667,31.3275,16.2,85.9,1.1,NA,1.0
2021-10-30,4.0,2,2,17.0,15.0,9.92208333,27.92041667,16.5,86.1,1.1,NA,1.0
2021-10-31,3.0,18,2,NA,NA,7.44625,23.79583333,15.9,90.0,1.3,NA,1.0
2021-11-01,4.0,12,1,NA,NA,7.24708333,25.95041667,16.4,89.8,1.3,NA,1.0
2021-11-02,4.0,5,1,14.0,12.0,7.46916667,26.92625,16.7,89.9,1.5,NA,1.0
2021-11-03,5.0,56,1,NA,NA,8.69958333,23.64375,15.9,87.9,1.3,NA,1.0
2021-11-04,5.0,1,537,NA,NA,9.4825,17.60208333,16.3,87.5,1.0,NA,3.0
2021-11-05,5.0,19,2,17.0,15.0,8.49375,26.89833333,17.5,84.6,1.3,NA,1.0
2021-11-06,4.0,3,4,34.0,NA,8.32083333,29.17375,17.3,87.6,1.0,NA,1.0
2021-11-07,4.0,1,1,NA,NA,8.1325,33.43,17.3,85.7,1.0,NA,1.0
2021-11-08,5.0,2,20,23.0,12.0,NA,NA,15.8,95.0,0.8,NA,1.0
2021-11-09,4.0,1,1,33.0,NA,NA,NA,15.5,94.5,1.0,NA,2.0
2021-11-10,5.0,1,1,NA,NA,NA,NA,15.8,91.2,1.0,NA,1.0
2021-11-11,4.0,2,1,18.0,14.0,NA,NA,16.8,89.1,1.2,NA,2.0
2021-11-12,4.0,2,1,NA,NA,NA,NA,16.9,89.5,1.3,NA,1.0
2021-11-13,5.0,2,1,NA,NA,NA,NA,15.6,92.7,1.1,NA,1.0
2021-11-14,4.0,2,2,9.0,10.0,NA,NA,16.7,87.1,1.0,NA,1.0
2021-11-15,5.0,4,1,NA,NA,NA,NA,16.3,93.7,1.0,NA,1.0
2021-11-16,5.0,1,4,NA,NA,8.53833333,30.5425,16.8,89.5,1.2,NA,3.0
2021-11-17,5.0,1,1,17.0,11.0,9.26,29.46333333,17.0,88.6,1.4,NA,1.0
2021-11-18,5.0,14,2,NA,NA,9.81916667,25.165,15.7,92.5,1.1,NA,1.0
2021-11-19,4.0,3,1,NA,NA,8.2125,24.8875,15.0,91.7,1.3,NA,2.0
2021-11-20,4.0,1,1,17.0,11.0,8.00291667,27.42458333,15.7,92.5,1.3,NA,1.0
2021-11-21,4.0,1,1,NA,NA,8.0075,27.45541667,16.0,92.3,1.0,NA,1.0
2021-11-22,5.0,1,1,NA,NA,9.21166667,30.75625,16.0,92.2,1.0,NA,1.0
2021-11-23,4.0,1,1,22.0,13.0,8.25083333,24.91,15.4,96.2,0.9,NA,1.0
2021-11-24,4.0,1,1,NA,NA,8.05708333,23.07916667,15.5,96.5,0.8,NA,2.0
2021-11-25,4.0,5,4,NA,NA,8.27625,28.33041667,15.5,94.2,1.2,NA,1.0
2021-11-26,5.0,26,6,21.0,17.0,9.28041667,24.24875,15.0,NA,1.1,NA,1.0
2021-11-27,5.0,10,1,NA,NA,9.54708333,28.44333333,16.5,90.4,1.1,NA,1.0
2021-11-28,4.0,1,2,NA,NA,7.74166667,39.7,17.3,86.8,1.3,NA,1.0
2021-11-29,5.0,4,12,47.0,21.0,9.12375,32.05541667,16.4,92.9,1.2,NA,1.0
2021-11-30,5.0,2,2,19.0,NA,9.08791667,27.73291667,15.9,93.8,1.0,NA,1.0
2021-12-01,4.0,2,7,NA,NA,8.57291667,32.85208333,16.9,88.9,1.2,NA,1.0
2021-12-02,4.0,17,2,24.0,13.0,10.95875,35.40583333,17.5,85.5,1.3,NA,2.0
2021-12-03,5.0,10,2,35.0,NA,11.55416667,29.83458333,16.9,90.8,1.1,NA,1.0
2021-12-04,6.0,5,1,NA,NA,13.79458333,28.24916667,17.1,87.1,1.1,NA,3.0
2021-12-05,5.0,10,1,19.0,13.0,11.48652174,28.89086957,17.2,86.7,1.1,NA,1.0
2021-12-06,5.0,2,1,33.0,NA,11.33041667,33.21958333,17.3,86.8,1.1,NA,3.0
2021-12-07,6.0,15,5,NA,NA,12.87666667,37.07833333,18.7,83.0,1.4,NA,2.0
2021-12-08,6.0,2,16,25.0,9.0,13.1825,37.34625,18.5,82.6,1.2,NA,2.0
2021-12-09,5.0,11,5,NA,NA,11.71041667,26.80458333,17.3,90.5,1.1,NA,2.0
2021-12-10,4.0,14,2,NA,NA,10.67625,32.83458333,17.1,92.5,1.0,NA,3.0
2021-12-11,4.0,1,10,22.0,19.0,10.61625,24.85666667,15.8,95.6,1.6,NA,1.0
2021-12-12,4.0,41,1,NA,NA,9.90583333,23.12333333,14.2,96.8,0.5,NA,2.0
2021-12-13,5.0,6,4,NA,NA,11.19333333,27.97666667,17.3,80.8,1.0,NA,3.0
2021-12-14,4.0,10,1,29.0,18.0,10.82708333,42.86875,16.7,86.8,1.3,NA,2.0
2021-12-15,4.0,1,3,NA,NA,10.23916667,42.4575,16.8,90.9,1.2,NA,6.0
2021-12-16,4.0,1,1,NA,NA,10.285,31.66625,16.6,93.3,1.0,NA,3.0
2021-12-17,5.0,74,1,30.0,17.0,12.095,22.24666667,16.9,92.1,0.9,NA,2.0
2021-12-18,4.0,1,1,NA,NA,10.82333333,21.6925,16.3,95.4,0.9,NA,1.0
2021-12-19,4.0,4,1,NA,NA,10.145,33.51416667,17.5,88.1,1.2,NA,2.0
2021-12-20,4.0,1,1,23.0,19.0,10.73130435,28.1326087,16.5,90.8,1.0,NA,1.0
2021-12-21,4.0,1,1,NA,NA,7.19416667,17.6025,16.5,94.2,1.1,NA,2.0
2021-12-22,4.0,24,48,NA,NA,7.78916667,19.22666667,18.5,86.8,1.7,NA,1.0
2021-12-23,4.0,4,1,23.0,15.0,7.14666667,25.31541667,17.2,89.8,1.5,NA,2.0
2021-12-24,4.0,3,1,NA,NA,7.50875,28.77125,0.0,NA,0.0,NA,4.0
2021-12-25,4.0,4,7,NA,NA,6.74083333,34.24416667,0.0,NA,0.0,NA,1.0
2021-12-26,3.0,28,1,18.0,12.0,5.68041667,31.84083333,0.0,NA,0.0,NA,NA
2021-12-27,4.0,1,4,NA,NA,8.25916667,15.69041667,17.2,87.6,0.6,NA,1.0
2021-12-28,5.0,22,531,NA,NA,8.58166667,22.55125,18.6,86.2,1.5,NA,1.0
2021-12-29,4.0,3,2,23.0,NA,8.10625,18.85333333,15.6,97.4,0.8,NA,2.0
2021-12-30,5.0,6,2,NA,NA,8.56541667,23.51875,15.9,91.6,0.7,NA,3.0
2021-12-31,4.0,1,1,NA,NA,6.88291667,29.85375,18.8,86.0,0.9,NA,1.0
2022-01-01,NA,1,1,20.0,12.0,6.22708333,30.45791667,0.0,NA,0.0,NA,2.0
2022-01-02,3.0,1,27,NA,NA,6.02583333,23.26875,0.0,NA,0.0,NA,2.0
2022-01-03,4.0,3,2,NA,NA,7.40791667,20.18541667,16.8,91.4,1.0,NA,1.0
2022-01-04,4.0,2,1,20.0,10.0,7.17041667,31.58,15.3,89.3,0.7,NA,2.0
2022-01-05,3.0,2,2,NA,NA,6.27291667,29.78083333,16.5,93.9,1.0,NA,2.0
2022-01-06,3.0,8,2,NA,NA,6.34625,22.22875,14.7,98.2,0.6,NA,2.0
2022-01-07,4.0,6,10,14.0,14.0,8.25125,21.16208333,16.0,91.6,1.1,NA,2.0
2022-01-08,5.0,2,2,NA,NA,9.35958333,19.4325,16.2,87.9,1.1,NA,1.0
2022-01-09,4.0,2,1,NA,NA,7.73416667,32.73291667,16.6,88.2,1.4,NA,NA
2022-01-10,3.0,1,1,12.0,8.0,5.78083333,24.51791667,15.0,94.5,1.2,NA,1.0
2022-01-11,3.0,2,5,32.0,NA,6.28166667,24.67166667,15.2,92.2,1.2,NA,1.0
2022-01-12,4.0,1,2,NA,NA,6.98083333,27.28833333,16.5,88.9,1.5,NA,3.0
2022-01-13,4.0,1,1,16.0,10.0,8.1925,15.76791667,14.9,88.7,0.9,NA,1.0
2022-01-14,5.0,6,2,NA,NA,9.25625,24.34208333,16.8,76.5,1.1,NA,5.0
2022-01-15,4.0,15,1,NA,NA,7.6825,29.2575,16.6,83.9,1.1,NA,3.0
2022-01-16,4.0,14,3,18.0,6.0,6.54791667,39.76833333,17.4,81.2,1.4,NA,1.0
2022-01-17,4.0,2,1,NA,NA,5.0825,31.4525,16.9,86.4,1.2,NA,3.0
2022-01-18,4.0,21,3,NA,NA,5.35208333,30.69291667,17.6,85.7,1.0,NA,3.0
2022-01-19,4.0,1,10,22.0,13.0,5.59875,37.74791667,18.7,78.2,1.3,NA,NA
2022-01-20,5.0,16,2,NA,NA,5.82833333,34.17083333,18.9,77.5,1.2,NA,4.0
2022-01-21,4.0,1,13,NA,NA,5.25,33.64916667,18.2,82.7,1.2,NA,1.0
2022-01-22,4.0,12,1,21.0,17.0,4.45208333,19.69208333,16.2,93.1,1.0,NA,1.0
2022-01-23,3.0,2,2,NA,NA,3.80083333,30.09125,17.4,87.0,1.1,NA,NA
2022-01-24,4.0,2,1,NA,NA,4.30083333,34.01166667,18.1,87.0,1.2,NA,1.0
2022-01-25,3.0,14,1,17.0,15.0,6.4675,27.77833333,15.0,96.7,0.9,NA,1.0
2022-01-26,4.0,9,1,NA,NA,7.34428571,29.51565217,16.0,88.6,0.9,NA,2.0
2022-01-27,NA,2,1,NA,NA,NA,NA,16.8,89.3,1.3,NA,1.0
2022-01-28,4.0,1,2,23.0,15.0,7.81625,53.435,16.9,88.1,1.1,NA,3.0
2022-01-29,4.0,11,16,NA,NA,7.22,33.94916667,16.9,85.8,1.2,NA,NA
2022-01-30,3.0,19,8,NA,NA,6.19375,37.41875,16.9,82.1,1.4,NA,2.0
2022-01-31,3.0,1,7,20.0,14.0,6.44125,41.79947368,17.3,77.8,1.4,NA,2.0
2022-02-01,4.0,35,2,NA,NA,7.01541667,35.88333333,17.6,76.1,1.3,NA,1.0
2022-02-02,4.0,8,2,NA,NA,8.0925,37.6775,17.6,77.3,1.3,NA,1.0
2022-02-03,4.0,10,1,28.0,19.0,7.62,39.52416667,17.9,79.2,1.3,NA,2.0
2022-02-04,4.0,5,4,NA,NA,7.13375,37.43083333,17.3,84.1,1.4,NA,NA
2022-02-05,3.0,1,1,NA,NA,5.81,34.22583333,16.4,88.3,1.2,NA,NA
2022-02-06,3.0,5,1,19.0,15.0,5.49083333,31.95958333,15.9,92.7,1.1,NA,NA
2022-02-07,4.0,98,1,NA,NA,6.73041667,19.155,16.0,92.1,1.0,NA,NA
2022-02-08,5.0,1,2,NA,NA,8.80666667,22.1975,15.4,94.0,0.7,NA,4.0
2022-02-09,4.0,4,1,22.0,18.0,8.07791667,22.10333333,15.7,91.2,1.0,NA,1.0
2022-02-10,4.0,6,1,NA,NA,6.85666667,24.8325,16.8,87.6,1.1,NA,NA
2022-02-11,4.0,12,1,NA,NA,7.035,36.20708333,17.6,81.8,1.4,NA,2.0
2022-02-12,4.0,4,2,20.0,14.0,7.38625,39.03583333,18.0,81.1,1.4,NA,NA
2022-02-13,3.0,1,1,NA,NA,5.71666667,27.33125,16.0,91.4,0.8,NA,NA
2022-02-14,3.0,4,25,NA,NA,5.5,20.22333333,15.2,94.1,0.9,NA,1.0
2022-02-15,3.0,1,1,23.0,21.0,5.9675,30.35285714,17.7,83.7,0.9,NA,1.0
2022-02-16,3.0,5,1,23.0,NA,5.46125,30.43125,16.8,88.2,1.3,NA,1.0
2022-02-17,3.0,3,1,NA,NA,5.60875,33.19,17.2,87.9,0.9,NA,NA
2022-02-18,2.0,1,1,17.0,15.0,4.60375,27.75041667,15.3,92.7,1.3,NA,1.0
2022-02-19,2.0,4,1,NA,NA,4.15541667,37.70291667,16.1,88.5,1.4,NA,2.0
2022-02-20,2.0,1,1,NA,NA,3.25173913,33.11652174,14.6,95.8,0.9,NA,NA
2022-02-21,3.0,1,1,17.0,10.0,5.41625,30.99041667,17.9,80.6,1.5,NA,NA
2022-02-22,3.0,1,5,NA,NA,5.94125,29.45375,17.3,80.8,1.0,NA,1.0
2022-02-23,3.0,6,493,NA,NA,6.29041667,29.06833333,17.0,83.3,1.0,NA,NA
2022-02-24,3.0,4,1,29.0,25.0,5.39166667,30.93333333,16.1,88.9,0.8,NA,1.0
2022-02-25,3.0,1,1,NA,NA,5.61875,31.72708333,17.2,87.1,1.8,NA,2.0
2022-02-26,3.0,1,1,NA,NA,4.89166667,22.2475,0.0,NA,0.0,NA,2.0
2022-02-27,2.0,12,1,22.0,14.0,3.66041667,28.04791667,0.0,NA,0.0,NA,2.0
2022-02-28,2.0,4,2,NA,NA,3.65208333,32.41958333,16.4,91.4,0.7,NA,2.0
2022-03-01,2.0,1,2,NA,NA,4.33708333,25.48958333,16.1,94.0,1.0,NA,1.0
2022-03-02,3.0,1,1,23.0,18.0,4.90291667,16.73583333,15.3,96.8,0.8,NA,1.0
2022-03-03,3.0,10,1,NA,NA,5.61416667,19.88833333,15.2,96.5,1.0,NA,2.0
2022-03-04,3.0,2,2,NA,NA,5.97833333,19.04958333,16.1,93.0,0.7,NA,1.0
2022-03-05,3.0,8,1,12.0,16.0,4.65958333,25.48708333,15.7,93.5,1.2,NA,1.0
2022-03-06,2.0,12,5,NA,NA,3.695,19.48583333,14.3,96.4,1.0,NA,1.0
2022-03-07,2.0,13,2,NA,NA,4.23333333,23.06083333,15.9,89.7,1.4,NA,1.0
2022-03-08,3.0,4,1,17.0,17.0,5.91458333,20.06625,15.8,88.6,0.9,NA,2.0
2022-03-09,3.0,9,1,NA,NA,5.69625,33.13,16.7,79.1,1.5,NA,2.0
2022-03-10,3.0,1,1,NA,NA,5.35666667,28.23416667,17.3,78.2,1.5,NA,1.0
2022-03-11,3.0,1,1,20.0,23.0,4.68041667,31.16291667,17.4,81.2,1.2,NA,1.0
2022-03-12,3.0,1,1,NA,NA,5.36083333,28.26291667,17.6,77.0,1.1,NA,NA
2022-03-13,3.0,3,1,NA,NA,5.76166667,36.63210526,18.1,78.4,1.2,NA,2.0
2022-03-14,3.0,1,2,20.0,25.0,5.95333333,34.28791667,17.4,79.6,1.2,NA,NA
2022-03-15,3.0,3,1,NA,NA,5.325,39.69166667,16.9,85.2,1.4,NA,1.0
2022-03-16,2.0,1,2,NA,NA,4.55541667,33.45041667,16.1,92.3,1.1,NA,1.0
2022-03-17,3.0,1,1,25.0,17.0,5.01208333,37.36875,16.9,88.8,1.3,NA,1.0
2022-03-18,3.0,2,1,NA,NA,5.24625,41.18416667,17.2,90.7,1.3,NA,1.0
2022-03-19,2.0,5,2,NA,NA,4.19875,41.24916667,16.6,94.2,1.2,NA,1.0
2022-03-20,3.0,14,1,25.0,23.0,5.92958333,30.54791667,16.6,91.1,1.0,NA,1.0
2022-03-21,3.0,5,1,NA,NA,5.09916667,35.54833333,16.6,90.3,0.9,NA,1.0
2022-03-22,3.0,1,2,NA,NA,6.33708333,27.26208333,16.7,90.7,0.9,NA,1.0
2022-03-23,3.0,1,1,29.0,15.0,6.29833333,32.0725,17.6,86.7,1.1,NA,1.0
2022-03-24,3.0,23,12,NA,NA,5.98333333,29.87666667,17.4,90.7,1.1,NA,1.0
2022-03-25,4.0,5,1,NA,NA,7.14458333,18.18625,16.2,93.3,0.8,NA,1.0
2022-03-26,3.0,9,4,22.0,14.0,6.34916667,22.76375,16.5,91.9,1.1,NA,2.0
2022-03-27,3.0,1,1,NA,NA,5.0,20.66333333,15.5,96.3,0.9,NA,1.0
2022-03-28,5.0,4,2,NA,NA,8.40333333,28.96416667,16.3,90.4,1.3,NA,2.0
2022-03-29,3.0,1,1,23.0,11.0,5.95666667,31.90625,16.1,93.2,1.2,NA,1.0
2022-03-30,2.0,1,1,NA,NA,4.0425,33.90041667,16.5,91.9,0.9,NA,1.0
2022-03-31,3.0,5,1,NA,NA,5.15333333,24.17708333,16.0,93.5,1.0,NA,1.0
2022-04-01,3.0,7,1,19.0,15.0,5.22363636,18.33615385,16.3,89.3,1.0,NA,2.0
2022-04-02,NA,1,1,NA,NA,NA,NA,17.4,87.7,1.1,NA,2.0
2022-04-03,NA,14,2,NA,NA,NA,NA,16.9,87.8,1.2,NA,3.0
2022-04-04,4.0,14,1,22.0,13.0,7.439375,NA,16.5,89.0,1.1,NA,1.0
2022-04-05,4.0,5,1,NA,NA,7.60333333,NA,17.6,86.5,1.1,NA,3.0
2022-04-06,3.0,2,5,NA,NA,6.16916667,NA,17.7,87.2,1.3,NA,1.0
2022-04-07,3.0,1,1,16.0,14.0,5.53625,NA,16.8,91.3,1.1,NA,1.0
2022-04-08,3.0,1,4,23.0,NA,5.16666667,36.2425,16.9,91.5,0.9,NA,2.0
2022-04-09,3.0,51,2,NA,NA,5.77666667,32.63375,16.8,92.4,1.3,NA,2.0
2022-04-10,4.0,1,1,18.0,19.0,6.66458333,23.39666667,16.9,90.1,0.9,NA,1.0
2022-04-11,4.0,1,1,17.0,NA,7.12708333,22.98916667,17.4,88.3,0.9,NA,1.0
2022-04-12,4.0,1,2,NA,NA,6.67625,32.52208333,17.3,89.6,1.1,NA,1.0
2022-04-13,4.0,1,17,21.0,17.0,6.69875,28.79083333,17.4,88.5,1.2,NA,1.0
2022-04-14,4.0,1,1,NA,NA,7.26083333,32.18625,17.7,83.8,1.1,NA,1.0
2022-04-15,5.0,4,1,NA,NA,8.38125,32.17708333,18.3,82.5,1.0,NA,1.0
2022-04-16,4.0,16,1,15.0,17.0,7.15375,18.07541667,16.1,90.0,1.0,NA,1.0
2022-04-17,3.0,3,1,NA,NA,5.67583333,25.66291667,16.5,89.4,1.2,NA,1.0
2022-04-18,3.0,3,3,21.0,NA,6.185,22.45458333,16.4,91.6,1.3,NA,1.0
2022-04-19,3.0,4,1,13.0,9.0,6.0875,22.18083333,15.0,95.2,1.1,NA,1.0
2022-04-20,3.0,40,2,22.0,NA,6.0475,27.27166667,15.5,90.9,1.2,NA,1.0
2022-04-21,4.0,6,1,NA,NA,7.12208333,21.84708333,15.9,90.5,1.3,NA,1.0
2022-04-22,3.0,33,13,11.0,9.0,5.50166667,22.03458333,15.5,92.6,1.1,NA,2.0
2022-04-23,3.0,6,1,NA,NA,5.3225,24.12208333,16.6,88.8,1.2,NA,1.0
2022-04-24,3.0,4,2,NA,NA,6.1425,28.48526316,16.8,87.7,1.3,NA,2.0
2022-04-25,4.0,2,2,27.0,19.0,6.95916667,19.00833333,15.6,94.1,0.7,NA,2.0
2022-04-26,4.0,11,1,NA,NA,7.15625,32.97,16.3,88.2,1.3,NA,1.0
2022-04-27,4.0,1,138,14.0,NA,7.45541667,29.15,16.5,90.4,1.0,NA,1.0
2022-04-28,3.0,1,1,45.0,10.0,6.25833333,25.615,15.6,95.2,1.0,NA,1.0
2022-04-29,3.0,3,1,NA,NA,6.18333333,32.55833333,17.4,88.7,1.3,NA,1.0
2022-04-30,4.0,1,1,27.0,NA,7.20541667,24.19291667,17.4,87.8,1.0,NA,2.0
2022-05-01,3.0,1,1,38.0,9.0,6.26083333,29.31416667,17.9,85.4,1.5,NA,1.0
2022-05-02,4.0,7,4,NA,NA,7.46625,34.51947368,18.4,82.2,1.2,NA,1.0
2022-05-03,4.0,4,1,NA,NA,7.88291667,36.9575,19.4,79.1,1.3,NA,2.0
2022-05-04,4.0,1,1,22.0,20.0,7.95875,34.955,18.2,85.2,1.3,NA,1.0
2022-05-05,4.0,3,1,NA,NA,8.22916667,22.55458333,16.6,91.2,1.0,NA,1.0
2022-05-06,3.0,5,1,NA,NA,5.82208333,24.68166667,15.4,95.6,0.9,NA,1.0
2022-05-07,5.0,3,2,16.0,17.0,8.48583333,14.6425,15.9,92.7,0.8,NA,1.0
2022-05-08,4.0,3,20,NA,NA,7.43708333,26.40458333,17.9,85.3,1.1,NA,1.0
2022-05-09,4.0,22,6,NA,NA,7.71541667,25.31833333,17.7,82.4,1.2,NA,1.0
2022-05-10,4.0,6,1,12.0,12.0,8.10478261,29.41842105,17.3,83.5,1.3,NA,1.0
2022-05-11,4.0,1,1,28.0,NA,7.735,25.61375,16.9,88.8,1.1,NA,1.0
2022-05-12,5.0,3,3,NA,NA,10.63833333,21.645,17.2,88.3,1.1,NA,1.0
2022-05-13,NA,2,1,38.0,7.0,14.126875,26.43875,17.5,88.3,1.0,NA,1.0
2022-05-14,NA,1,27,NA,NA,NA,21.68166667,17.1,93.3,0.9,NA,1.0
2022-05-15,NA,3,2,NA,NA,NA,34.1375,18.0,89.8,1.3,NA,NA
2022-05-16,NA,8,1,12.0,11.0,NA,NA,17.4,89.5,0.9,NA,1.0
2022-05-17,NA,1,31,NA,NA,NA,NA,16.2,95.3,1.2,NA,1.0
2022-05-18,NA,1,1,NA,NA,NA,NA,16.1,94.4,0.8,NA,1.0
2022-05-19,NA,10,2,17.0,10.0,NA,NA,17.3,88.3,1.2,NA,1.0
2022-05-20,NA,26,3,NA,NA,NA,NA,15.9,93.3,1.0,NA,1.0
2022-05-21,NA,8,1,NA,NA,NA,NA,16.6,92.3,1.0,NA,3.0
2022-05-22,NA,1,10,28.0,14.0,NA,NA,17.6,86.1,1.2,NA,2.0
2022-05-23,NA,15,2,NA,NA,NA,NA,16.2,90.0,1.5,NA,1.0
2022-05-24,NA,2,2,NA,NA,NA,NA,17.5,85.0,1.2,NA,1.0
2022-05-25,NA,4,4,29.0,21.0,NA,NA,17.4,87.0,0.9,NA,1.0
2022-05-26,NA,6,1,NA,NA,NA,NA,17.2,89.1,1.0,NA,1.0
2022-05-27,NA,2,1,NA,NA,NA,NA,17.2,87.9,1.0,NA,1.0
2022-05-28,NA,2,4,17.0,6.0,NA,NA,16.7,91.2,1.2,NA,2.0
2022-05-29,NA,8,430,NA,NA,NA,NA,16.2,93.4,0.9,NA,1.0
2022-05-30,NA,8,1,NA,NA,NA,NA,16.1,93.4,0.9,NA,1.0
2022-05-31,NA,14,1,15.0,6.0,NA,NA,15.7,95.0,1.2,NA,1.0
2022-06-01,NA,29,3,NA,NA,NA,NA,15.8,92.2,1.2,NA,1.0
2022-06-02,NA,1,2,NA,NA,NA,NA,14.8,96.8,0.7,NA,1.0
2022-06-03,NA,1,1,18.0,12.0,NA,NA,14.9,95.2,0.8,NA,1.0
2022-06-04,NA,1,1,NA,NA,NA,NA,15.2,91.4,0.8,NA,1.0
2022-06-05,NA,74,16,NA,NA,NA,NA,16.1,88.9,1.0,NA,1.0
2022-06-06,NA,1,1,17.0,17.0,NA,29.66708333,16.4,90.8,1.4,NA,2.0
2022-06-07,NA,2,2,NA,NA,NA,27.48875,15.8,89.2,0.8,NA,1.0
2022-06-08,NA,8,2,NA,NA,NA,28.53916667,15.8,89.4,1.1,NA,NA
2022-06-09,NA,12,1,16.0,11.0,NA,29.06791667,15.7,93.3,0.7,NA,1.0
2022-06-10,NA,2,2,NA,NA,NA,27.47291667,18.3,82.3,1.9,NA,1.0
2022-06-11,NA,2,1,NA,NA,NA,24.39541667,0.0,NA,0.0,NA,1.0
2022-06-12,NA,2,24,12.0,13.0,NA,26.95791667,0.0,NA,0.0,NA,1.0
2022-06-13,NA,2,5,NA,NA,NA,19.25541667,15.1,96.3,1.3,NA,1.0
2022-06-14,NA,1,2,NA,NA,NA,26.67375,15.4,NA,1.3,NA,1.0
2022-06-15,NA,7,1,14.0,17.0,NA,20.95041667,16.9,86.8,1.3,NA,2.0
2022-06-16,NA,6,2,NA,NA,NA,25.49583333,17.7,86.9,1.5,NA,1.0
2022-06-17,NA,15,1,NA,NA,NA,20.49125,14.9,99.0,0.1,NA,2.0
2022-06-18,NA,12,1,9.0,19.0,NA,23.30583333,0.0,NA,0.0,NA,1.0
2022-06-19,NA,2,1,NA,NA,NA,29.63583333,0.0,NA,0.0,NA,2.0
2022-06-20,NA,21,3,NA,NA,NA,24.9073913,0.0,NA,0.0,NA,1.0
2022-06-21,NA,11,16,21.0,16.0,NA,23.67166667,15.6,93.0,0.7,NA,2.0
2022-06-22,NA,16,2,NA,NA,NA,27.07875,15.9,90.8,0.8,NA,1.0
2022-06-23,NA,1,13,NA,NA,NA,31.96916667,15.9,87.5,0.8,NA,2.0
2022-06-24,NA,1,2,21.0,20.0,NA,38.35333333,15.3,91.0,1.1,NA,2.0
2022-06-25,NA,2,2,NA,NA,NA,38.04791667,14.1,98.1,0.6,NA,1.0
2022-06-26,NA,2,1,NA,NA,NA,34.41791667,14.3,97.9,0.6,NA,1.0
2022-06-27,NA,18,3,13.0,14.0,NA,32.0375,13.8,98.4,0.9,NA,1.0
2022-06-28,NA,9,1,NA,NA,NA,35.21083333,15.4,93.1,1.2,NA,1.0
2022-06-29,NA,1,2,NA,NA,NA,37.34055556,15.7,88.0,1.2,NA,1.0
2022-06-30,NA,18,1,21.0,19.0,NA,NA,16.7,89.9,0.9,NA,2.0
2022-07-01,NA,2,4,NA,NA,NA,NA,15.7,93.0,1.1,NA,1.0
2022-07-02,NA,3,1,NA,NA,NA,NA,15.0,96.8,0.6,NA,2.0
2022-07-03,NA,8,2,18.0,22.0,NA,NA,18.7,83.0,1.2,NA,1.0
2022-07-04,NA,8,1,NA,NA,NA,NA,17.0,92.9,0.8,NA,1.0
2022-07-05,NA,11,16,NA,NA,NA,40.08555556,18.0,86.3,1.3,NA,1.0
2022-07-06,NA,1,1,24.0,19.0,NA,30.19375,17.2,86.5,1.4,NA,1.0
2022-07-07,NA,1,7,NA,NA,NA,36.85208333,18.6,82.5,1.9,NA,1.0
2022-07-08,NA,35,2,NA,NA,NA,31.58692308,19.0,84.6,1.5,NA,1.0
2022-07-09,NA,1,4,19.0,13.0,NA,NA,0.0,NA,0.0,NA,2.0
2022-07-10,NA,1,8,NA,NA,NA,NA,0.0,NA,0.0,NA,1.0
2022-07-11,NA,2,1,NA,NA,NA,NA,15.4,94.0,1.5,NA,1.0
2022-07-12,NA,64,1,24.0,21.0,NA,NA,17.7,86.6,1.5,NA,2.0
2022-07-13,NA,1,1,NA,NA,NA,NA,19.2,81.0,1.9,NA,1.0
2022-07-14,NA,8,2,NA,NA,NA,41.17666667,18.0,89.0,0.9,NA,2.0
2022-07-15,NA,2,1,13.0,21.0,NA,36.85541667,0.0,NA,0.0,NA,1.0
2022-07-16,NA,5,4,NA,NA,NA,36.39458333,0.0,NA,0.0,NA,1.0
2022-07-17,NA,1,1,NA,NA,NA,30.66333333,0.0,NA,0.0,NA,1.0
2022-07-18,NA,98,1,31.0,25.0,NA,37.7,16.9,88.6,1.8,NA,2.0
2022-07-19,NA,2,1,24.0,NA,NA,36.43833333,20.3,73.2,1.6,NA,1.0
2022-07-20,NA,1,2,NA,NA,NA,30.43416667,0.0,NA,0.0,NA,2.0
2022-07-21,NA,1,1,13.0,31.0,NA,29.90916667,16.3,91.7,1.4,NA,2.0
2022-07-22,NA,6,1,NA,NA,NA,25.85333333,16.3,93.0,2.0,NA,4.0
2022-07-23,NA,12,1,NA,NA,NA,24.9025,0.0,NA,0.0,NA,1.0
2022-07-24,NA,1,3,14.0,11.0,NA,26.51875,0.0,NA,0.0,NA,2.0
2022-07-25,NA,1,1,NA,NA,NA,26.01416667,15.6,94.0,0.8,NA,3.0
2022-07-26,NA,4,25,NA,NA,NA,25.90291667,15.5,95.3,0.8,NA,2.0
2022-07-27,NA,1,5,13.0,10.0,NA,25.20875,15.1,96.5,1.0,NA,1.0
2022-07-28,NA,5,1,NA,NA,NA,30.87458333,14.9,95.0,0.8,NA,1.0
2022-07-29,NA,3,1,NA,NA,NA,30.04,15.4,90.4,0.8,NA,1.0
2022-07-30,NA,1,1,20.0,8.0,NA,33.66,0.0,NA,0.0,NA,1.0
2022-07-31,NA,4,1,NA,NA,NA,35.59458333,15.4,94.7,0.7,NA,1.0
2022-08-01,NA,1,1,NA,NA,NA,34.00666667,15.5,93.7,1.1,NA,1.0
2022-08-02,NA,2,1,18.0,9.0,14.06454545,33.12166667,15.6,91.6,0.7,NA,1.0
2022-08-03,NA,1,1,NA,NA,13.8475,20.52125,16.4,88.8,0.8,NA,2.0
2022-08-04,NA,1,4,NA,NA,9.42541667,21.05791667,15.7,90.7,0.8,NA,1.0
2022-08-05,NA,3,22,14.0,15.0,5.99833333,22.42208333,16.0,94.5,1.0,NA,1.0
2022-08-06,NA,1,1,NA,NA,6.97583333,23.92291667,13.9,98.9,1.0,NA,1.0
2022-08-07,NA,1,1,NA,NA,4.12916667,26.99125,0.0,NA,0.0,NA,2.0
2022-08-08,NA,1,1,28.0,14.0,4.44541667,36.80375,17.8,86.5,1.8,NA,1.0
2022-08-09,NA,1,17,NA,NA,3.83916667,34.655,18.7,84.3,1.0,NA,3.0
2022-08-10,NA,1,1,NA,NA,3.63125,29.37916667,18.2,85.2,0.9,NA,1.0
2022-08-11,NA,4,25,19.0,13.0,3.2925,27.14125,17.2,84.7,1.1,NA,1.0
2022-08-12,NA,16,1,NA,NA,3.44166667,33.39916667,17.3,86.3,1.1,NA,1.0
2022-08-13,NA,2,2,NA,NA,NA,32.60458333,16.2,92.8,1.1,NA,1.0
2022-08-14,NA,1,1,14.0,12.0,1.90583333,33.08208333,16.3,91.5,1.0,NA,1.0
2022-08-15,NA,1,2,NA,NA,NA,NA,15.2,94.2,1.1,NA,1.0
2022-08-16,NA,1,1,NA,NA,NA,NA,15.3,90.3,1.2,NA,1.0
2022-08-17,NA,1,4,19.0,11.0,NA,NA,19.6,79.4,1.9,NA,1.0
2022-08-18,NA,1,6,NA,NA,NA,NA,18.0,81.6,1.3,NA,1.0
2022-08-19,NA,4,4,NA,NA,NA,NA,17.1,83.4,1.2,NA,4.0
2022-08-20,NA,7,3,22.0,14.0,NA,NA,18.2,90.0,0.4,NA,1.0
2022-08-21,NA,6,3,NA,NA,NA,NA,0.0,NA,0.0,NA,2.0
2022-08-22,NA,1,1,NA,NA,NA,NA,16.1,91.3,1.1,NA,1.0
2022-08-23,NA,13,2,21.0,NA,NA,NA,16.8,81.4,0.8,NA,2.0
2022-08-24,NA,1,1,NA,NA,NA,NA,17.6,77.9,0.9,NA,1.0
2022-08-25,NA,1,1,NA,NA,NA,NA,16.3,86.5,1.1,NA,1.0
2022-08-26,NA,4,1,21.0,22.0,NA,NA,16.9,83.6,3.6,NA,2.0
2022-08-27,NA,25,4,NA,NA,NA,NA,15.9,85.8,4.3,NA,1.0
2022-08-28,NA,9,2,NA,NA,NA,NA,0.0,NA,0.0,NA,2.0
2022-08-29,NA,2,1,17.0,NA,NA,NA,16.2,88.8,0.1,NA,2.0
2022-08-30,NA,19,2,NA,NA,NA,NA,17.9,NA,1.3,NA,1.0
2022-08-31,NA,1,1,NA,NA,NA,NA,16.1,NA,0.9,NA,2.0
2022-09-01,NA,3,341,19.0,10.0,NA,NA,15.7,NA,1.1,NA,1.0
2022-09-02,NA,4,1,NA,NA,NA,NA,16.6,NA,1.2,NA,2.0
2022-09-03,NA,16,1,NA,NA,NA,NA,17.3,NA,1.4,NA,1.0
2022-09-04,NA,49,1,16.0,9.0,NA,NA,16.7,NA,1.0,NA,1.0
2022-09-05,NA,11,2,NA,NA,NA,NA,17.0,NA,1.3,NA,1.0
2022-09-06,NA,1,1,NA,NA,NA,NA,17.7,NA,1.5,NA,2.0
2022-09-07,NA,4,1,28.0,22.0,NA,NA,17.5,NA,1.2,NA,1.0
2022-09-08,NA,1,3,NA,NA,NA,NA,19.2,80.0,1.5,NA,1.0
2022-09-09,NA,1,1,NA,NA,NA,NA,18.8,83.4,1.9,NA,2.0
2022-09-10,NA,26,2,20.0,9.0,NA,NA,0.0,NA,0.0,NA,1.0
2022-09-11,NA,23,1,NA,NA,NA,NA,0.0,NA,0.0,NA,1.0
2022-09-12,NA,1,1,NA,NA,NA,NA,17.2,87.0,1.7,NA,1.0
2022-09-13,NA,1,1,17.0,15.0,NA,NA,15.9,91.2,2.4,NA,1.0
2022-09-14,NA,3,1,NA,NA,NA,NA,16.8,90.0,1.9,NA,2.0
2022-09-15,NA,29,6,NA,NA,NA,NA,16.9,NA,1.1,NA,1.0
2022-09-16,NA,1,1,21.0,11.0,NA,NA,16.7,NA,1.3,NA,1.0
2022-09-17,NA,9,1,NA,NA,NA,NA,16.8,NA,0.8,NA,2.0
2022-09-18,NA,1,1,NA,NA,NA,NA,15.6,NA,0.9,NA,1.0
2022-09-19,NA,1,3,21.0,11.0,NA,NA,15.1,NA,1.0,NA,1.0
2022-09-20,NA,64,3,NA,NA,NA,NA,15.9,NA,1.1,NA,2.0
2022-09-21,NA,1,10,NA,NA,NA,NA,16.1,NA,1.2,NA,1.0
2022-09-22,NA,3,1,24.0,19.0,NA,NA,15.8,NA,1.3,NA,1.0
2022-09-23,3.0,15,3,NA,NA,NA,NA,16.7,NA,1.4,NA,3.0
2022-09-24,3.0,14,3,NA,NA,NA,NA,14.9,NA,1.3,NA,NA
2022-09-25,4.0,3,1,14.0,NA,9.27916667,29.59666667,16.0,NA,1.3,NA,1.0
2022-09-26,4.0,1,1,NA,NA,10.24041667,38.98166667,17.0,NA,1.4,NA,1.0
2022-09-27,3.0,12,5,NA,NA,8.4825,38.7525,19.0,84.0,2.5,NA,1.0
2022-09-28,3.0,1,1,26.0,17.0,7.88083333,30.16708333,15.7,93.6,1.1,NA,2.0
2022-09-29,3.0,7,2,NA,NA,7.3875,31.49708333,17.2,88.8,1.6,NA,2.0
2022-09-30,3.0,5,1,NA,NA,8.44727273,28.285,16.4,90.7,1.6,NA,1.0
2022-10-01,3.0,11,1,21.0,15.0,8.85833333,22.51916667,14.7,94.5,0.8,NA,1.0
2022-10-02,3.0,23,9,NA,NA,8.63666667,30.64041667,20.8,72.5,2.1,NA,1.0
2022-10-03,3.0,1,12,NA,NA,5.98375,40.83625,19.0,78.9,1.2,NA,1.0
2022-10-04,3.0,4,1,22.0,10.0,5.555,30.97541667,16.8,85.2,1.2,NA,1.0
2022-10-05,3.0,32,14,NA,NA,4.93,30.85666667,17.1,88.7,1.3,NA,1.0
2022-10-06,3.0,17,2,NA,NA,5.23541667,26.975,17.1,89.5,1.2,NA,1.0
2022-10-07,3.0,10,1,20.0,10.0,5.27583333,29.70291667,17.3,88.3,1.6,NA,2.0
2022-10-08,3.0,4,1,NA,NA,4.67375,34.64333333,14.0,97.0,0.9,NA,2.0
2022-10-09,2.0,1,1,NA,NA,4.15708333,29.49916667,17.0,89.9,1.1,NA,1.0
2022-10-10,3.0,2,1,12.0,11.0,6.4575,39.42208333,18.2,81.2,1.5,NA,1.0
2022-10-11,4.0,2,1,NA,NA,6.77958333,34.73375,17.7,80.9,1.2,NA,1.0
2022-10-12,5.0,95,1,NA,NA,8.38,17.33333333,17.0,88.4,1.2,NA,1.0
2022-10-13,NA,8,1,22.0,13.0,NA,NA,17.0,88.4,1.4,NA,1.0
2022-10-14,3.0,1,1,NA,NA,5.66208333,25.64736842,16.7,89.7,1.0,NA,1.0
2022-10-15,2.0,4,2,NA,NA,4.165,32.23791667,16.7,89.6,1.3,NA,1.0
2022-10-16,1.0,1,1,23.0,11.0,2.61125,29.76708333,16.6,93.8,1.1,NA,1.0
2022-10-17,1.0,1,4,NA,NA,2.71875,27.62458333,15.4,95.6,0.9,NA,1.0
2022-10-18,2.0,2,18,NA,NA,4.02916667,17.59333333,15.6,90.1,0.8,NA,1.0
2022-10-19,2.0,1,5,19.0,8.0,4.13333333,24.28625,16.1,93.8,1.2,NA,1.0
2022-10-20,5.0,1,1,NA,NA,9.66208333,15.53083333,14.9,97.4,0.7,NA,1.0
2022-10-21,2.0,1,4,NA,NA,4.06416667,22.08291667,16.6,88.9,1.0,NA,1.0
2022-10-22,2.0,1,2,20.0,11.0,2.85083333,19.51208333,15.2,95.9,0.8,NA,1.0
2022-10-23,2.0,1,2,NA,NA,3.71708333,19.98791667,16.6,91.4,1.1,NA,1.0
2022-10-24,2.0,22,1,NA,NA,3.32083333,23.43791667,15.6,93.6,1.3,NA,1.0
2022-10-25,2.0,14,2,21.0,12.0,4.24416667,20.1625,17.8,86.5,1.3,NA,2.0
2022-10-26,2.0,6,1,NA,NA,3.18375,17.93375,16.5,93.4,1.3,NA,1.0
2022-10-27,2.0,5,1,NA,NA,3.24625,19.27666667,16.9,91.9,1.5,NA,1.0
2022-10-28,2.0,54,2,16.0,12.0,3.16958333,18.57416667,15.2,94.3,1.1,NA,1.0
2022-10-29,1.0,1,1,NA,NA,2.70166667,16.82625,0.0,NA,0.0,NA,1.0
2022-10-30,2.0,34,1,NA,NA,3.51416667,20.16291667,16.9,NA,1.5,NA,1.0
2022-10-31,NA,1,1,18.0,9.0,5.99666667,17.99375,17.7,79.9,1.6,NA,1.0
2022-11-01,NA,4,1,NA,NA,5.655,25.18208333,17.1,79.1,1.1,NA,1.0
2022-11-02,NA,32,14,NA,NA,4.99791667,28.13041667,17.7,87.0,1.2,NA,1.0
2022-11-03,NA,1,1,22.0,14.0,3.92083333,24.60458333,17.1,88.4,1.2,NA,1.0
2022-11-04,NA,10,1,NA,NA,3.11833333,20.94916667,16.1,91.7,1.4,NA,1.0
2022-11-05,NA,4,1,NA,NA,4.07041667,17.49833333,15.2,94.3,0.8,NA,1.0
2022-11-06,NA,1,1,17.0,7.0,3.05875,23.51291667,16.2,92.3,1.2,NA,1.0
2022-11-07,NA,2,1,NA,NA,3.97,21.33333333,16.3,89.3,1.4,NA,1.0
2022-11-08,NA,2,1,NA,NA,3.47208333,23.19,16.8,86.7,2.1,NA,1.0
2022-11-09,NA,5,1,18.0,7.0,3.02416667,34.47375,15.7,90.1,1.5,NA,1.0
2022-11-10,NA,1,1,NA,NA,3.61208333,24.60291667,15.3,92.2,1.2,NA,1.0
2022-11-11,NA,4,2,NA,NA,4.71,18.99333333,15.5,91.8,1.2,NA,2.0
2022-11-12,NA,10,2,20.0,7.0,3.53708333,14.28916667,14.0,95.4,1.0,NA,1.0
2022-11-13,NA,1,4,NA,NA,3.14333333,28.18833333,15.6,89.5,1.4,NA,1.0
2022-11-14,NA,2,18,NA,NA,5.21,22.9025,16.3,86.6,1.1,NA,1.0
2022-11-15,NA,1,7,27.0,14.0,5.09916667,22.10958333,16.7,87.7,1.0,NA,1.0
2022-11-16,NA,1,1,NA,NA,4.27833333,22.00083333,16.8,90.6,1.0,NA,1.0
2022-11-17,NA,1,4,NA,NA,5.37208333,16.46291667,16.0,93.1,1.0,NA,1.0
2022-11-18,NA,1,1,21.0,15.0,5.735,11.90416667,15.7,93.6,0.7,NA,1.0
2022-11-19,NA,1,2,NA,NA,6.14583333,23.15708333,16.8,89.4,1.2,NA,1.0
2022-11-20,NA,22,1,NA,NA,6.33875,20.50416667,16.5,90.4,1.0,NA,1.0
2022-11-21,NA,1,1,28.0,13.0,5.43541667,23.54,16.5,90.6,1.3,NA,1.0
2022-11-22,NA,6,1,NA,NA,4.07166667,18.80208333,15.3,94.1,0.9,NA,1.0
2022-11-23,NA,5,1,NA,NA,4.8975,21.93625,14.8,91.4,1.0,NA,1.0
2022-11-24,NA,7,3,14.0,11.0,4.84666667,21.57083333,16.0,88.6,1.0,NA,1.0
2022-11-25,NA,1,1,NA,NA,6.10208333,27.445,18.4,82.4,1.5,NA,1.0
2022-11-26,NA,34,1,NA,NA,8.33869565,23.01521739,16.5,88.8,1.0,NA,1.0
2022-11-27,NA,2,2,22.0,NA,4.55125,19.81125,15.7,91.7,0.7,NA,1.0
2022-11-28,NA,1,6,NA,NA,4.71083333,15.53125,14.3,96.9,0.3,NA,1.0
2022-11-29,NA,1,1,NA,NA,6.74791667,17.04208333,16.3,89.0,1.1,NA,2.0
2022-11-30,NA,6,1,21.0,11.0,5.40083333,16.33375,14.8,90.4,0.4,NA,1.0
2022-12-01,NA,1,1,NA,NA,3.90333333,25.57375,19.3,82.0,0.0,NA,1.0
2022-12-02,NA,8,6,NA,NA,4.59708333,23.39666667,16.8,88.7,0.0,NA,1.0
2022-12-03,NA,17,1,17.0,9.0,4.19291667,28.29375,0.0,NA,0.0,NA,1.0
2022-12-04,NA,1,5,NA,NA,3.68125,18.21291667,0.0,NA,0.0,NA,1.0
2022-12-05,NA,2,4,NA,NA,5.43166667,16.74,15.1,92.0,0.0,NA,1.0
2022-12-06,NA,2,1,20.0,15.0,5.71791667,15.74083333,15.9,89.2,2.5,NA,2.0
2022-12-07,NA,1,2,NA,NA,6.05285714,16.16833333,16.2,89.9,3.6,NA,1.0
2022-12-08,NA,5,1,NA,NA,NA,16.59958333,0.0,NA,0.0,NA,1.0
2022-12-09,NA,1,3,22.0,16.0,NA,21.205,0.0,NA,0.0,NA,1.0
2022-12-10,NA,23,9,NA,NA,NA,15.06791667,0.0,NA,0.0,NA,2.0
2022-12-11,NA,1,12,NA,NA,NA,20.61,0.0,NA,0.0,NA,1.0
2022-12-12,NA,1,4,17.0,14.0,NA,17.32708333,16.5,85.0,0.0,NA,2.0
2022-12-13,NA,32,14,NA,NA,NA,19.8225,0.0,NA,0.0,NA,1.0
2022-12-14,NA,17,2,NA,NA,NA,22.3075,17.7,85.0,0.3,NA,1.0
2022-12-15,NA,2,15,31.0,12.0,NA,27.86625,16.6,84.9,0.5,NA,1.0
2022-12-16,NA,9,429,NA,NA,7.96153846,29.61333333,15.3,88.1,0.5,NA,3.0
2022-12-17,NA,10,1,NA,NA,5.81458333,31.93583333,0.0,NA,0.0,NA,1.0
2022-12-18,NA,9,2,16.0,11.0,4.20875,26.66791667,0.0,NA,0.0,NA,1.0
2022-12-19,NA,3,2,NA,NA,4.10041667,29.11375,17.4,83.9,1.2,NA,2.0
2022-12-20,NA,3,1,NA,NA,4.17666667,27.11541667,17.0,86.2,1.1,NA,1.0
2022-12-21,NA,5,2,25.0,16.0,5.13625,27.75,18.5,84.3,1.4,NA,1.0
2022-12-22,NA,3,16,NA,NA,3.57458333,35.87,18.9,80.5,1.1,NA,1.0
2022-12-23,NA,1,1,NA,NA,4.44291667,28.77958333,17.7,82.5,1.5,NA,1.0
2022-12-24,NA,1,5,23.0,14.0,5.62333333,30.105,16.6,87.8,1.2,NA,1.0
2022-12-25,NA,1,1,NA,NA,4.86375,33.45791667,16.5,87.8,1.0,NA,1.0
2022-12-26,NA,37,1,NA,NA,4.6775,32.48,15.1,97.1,0.3,NA,1.0
2022-12-27,NA,13,3,14.0,8.0,4.445,29.12333333,0.0,NA,0.0,NA,1.0
2022-12-28,NA,2,1,NA,NA,4.34791667,27.975,20.1,77.0,0.0,NA,1.0
2022-12-29,NA,2,1,NA,NA,5.73541667,29.58875,16.3,86.5,0.6,NA,1.0
2022-12-30,NA,15,3,21.0,NA,5.71083333,37.88375,15.6,86.0,0.0,NA,1.0
2022-12-31,NA,21,1,NA,NA,4.65521739,23.93217391,14.7,98.5,1.9,NA,2.0
2023-01-01,2.0,4,1,NA,9.19909091,3.68333333,27.22375,0.0,NA,0.0,NA,NA
2023-01-02,2.0,1,6,14.0,10.0,4.62333333,24.47875,15.6,86.7,0.6,NA,1.0
2023-01-03,2.0,1,1,NA,8.94173913,4.11916667,24.96208333,0.0,NA,0.0,NA,1.0
2023-01-04,3.0,1,40,NA,13.59708333,5.23208333,24.28875,0.0,NA,0.0,NA,1.0
2023-01-05,3.0,1,1,18.0,10.0,5.42166667,24.50666667,17.6,87.0,2.5,NA,1.0
2023-01-06,3.0,8,6,NA,16.47291667,5.47833333,17.76791667,16.7,90.8,1.0,NA,1.0
2023-01-07,3.0,1,1,NA,14.555,4.8975,16.84541667,15.8,91.9,1.0,NA,1.0
2023-01-08,2.0,1,5,19.0,9.0,4.43416667,17.6225,15.3,94.5,0.9,NA,1.0
2023-01-09,2.0,2,4,NA,14.49541667,3.54,25.02333333,15.2,95.5,0.9,NA,1.0
2023-01-10,NA,1,14,NA,12.26304348,NA,21.43166667,14.3,95.4,0.8,NA,1.0
2023-01-11,NA,4,6,17.0,12.0,NA,21.15916667,15.1,91.5,0.9,NA,3.0
2023-01-12,NA,1,2,NA,19.57083333,NA,21.75916667,14.5,96.7,0.6,NA,1.0
2023-01-13,3.0,1,1,NA,20.70708333,6.34958333,23.34708333,15.1,93.0,0.7,NA,1.0
2023-01-14,3.0,1,2,16.0,12.0,4.98375,36.49958333,13.9,94.6,0.5,NA,1.0
2023-01-15,2.0,9,429,NA,8.55958333,3.8925,38.05041667,14.1,89.6,1.3,NA,1.0
2023-01-16,3.0,10,1,NA,12.54,5.21125,23.37125,17.5,86.4,1.0,NA,1.0
2023-01-17,3.0,1,2,19.0,12.0,6.43541667,27.04916667,17.3,86.2,2.8,NA,1.0
2023-01-18,4.0,3,2,NA,15.44708333,7.22291667,20.85125,15.8,89.0,0.0,NA,1.0
2023-01-19,3.0,3,1,NA,17.5325,5.62,22.73791667,0.0,NA,0.0,NA,1.0
2023-01-20,3.0,5,1,17.0,15.0,5.60958333,26.44,0.0,NA,0.0,NA,1.0
2023-01-21,3.0,3,16,NA,14.66565217,5.72875,23.305,0.0,NA,0.0,NA,1.0
2023-01-22,3.0,1,1,NA,15.78125,5.8575,18.84708333,0.0,NA,0.0,NA,1.0
2023-01-23,4.0,4,2,14.0,20.90125,6.54375,29.99041667,18.0,80.0,1.0,NA,1.0
2023-01-24,4.0,1,1,NA,22.69666667,6.71791667,25.20291667,16.7,87.5,1.3,NA,1.0
2023-01-25,3.0,37,1,NA,19.76291667,5.86583333,31.73041667,17.1,NA,1.3,NA,1.0
2023-01-26,3.0,13,5,18.0,9.0,5.54391304,40.73,17.8,NA,1.3,NA,1.0
2023-01-27,3.0,2,1,NA,21.32458333,4.78416667,41.66916667,17.9,NA,1.4,NA,2.0
2023-01-28,3.0,2,1,NA,20.40625,6.23208333,45.71541667,18.4,NA,1.2,NA,1.0
2023-01-29,3.0,1,1,17.0,12.0,4.99625,39.10291667,17.8,NA,1.3,NA,1.0
2023-01-30,3.0,21,1,NA,22.37521739,5.93875,30.32041667,17.4,NA,1.3,NA,1.0
2023-01-31,3.0,1,1,NA,20.59333333,5.49,36.18083333,17.7,NA,1.4,NA,2.0
2023-02-01,4.0,12,1,23.0,16.0,6.7,38.68416667,17.7,NA,1.3,NA,1.0
2023-02-02,3.0,1,2,NA,28.48666667,5.48708333,46.07458333,17.5,NA,1.5,NA,2.0
2023-02-03,3.0,8,1,NA,30.23166667,5.63583333,33.61083333,17.1,NA,1.3,NA,1.0
2023-02-04,3.0,2,1,29.0,15.0,6.1525,34.62791667,17.5,NA,1.3,NA,1.0
2023-02-05,3.0,23,6,NA,24.41083333,5.39791667,36.23208333,17.3,NA,1.7,NA,1.0
2023-02-06,3.0,1,3,NA,23.50666667,6.08666667,36.96916667,17.7,NA,1.3,NA,1.0
2023-02-07,3.0,13,6,35.0,18.0,6.10583333,40.0125,19.5,78.2,0.7,NA,2.0
2023-02-08,3.0,17,1,NA,24.63291667,4.7375,40.85583333,17.0,85.8,1.1,NA,1.0
2023-02-09,5.0,1,2,NA,21.60708333,8.75666667,31.23375,17.2,86.1,1.5,NA,1.0
2023-02-10,5.0,3,14,26.0,18.0,9.08,34.93416667,19.4,78.9,2.3,NA,1.0
2023-02-11,4.0,34,2,NA,27.23375,7.29416667,23.85333333,18.0,84.0,0.1,NA,1.0
2023-02-12,3.0,14,4,NA,21.58833333,4.73625,26.63833333,17.4,87.0,0.0,NA,2.0
2023-02-13,4.0,3,1,25.0,23.0,6.52166667,27.98833333,18.7,83.9,0.9,NA,NA
2023-02-14,3.0,3,2,NA,24.93208333,5.9425,30.23583333,18.4,90.3,2.4,NA,4.0
2023-02-15,3.0,1,1,NA,23.73958333,5.49666667,31.30208333,17.8,89.1,1.1,NA,1.0
2023-02-16,2.0,65,1,22.0,14.0,4.62708333,27.73083333,15.8,95.5,1.2,NA,1.0
2023-02-17,3.0,6,2,NA,14.62458333,4.92541667,30.12875,21.2,71.0,1.7,NA,1.0
2023-02-18,2.0,2,2,NA,13.2125,4.3775,28.22583333,0.0,NA,0.0,NA,1.0
2023-02-19,2.0,1,3,15.0,14.0,3.76375,32.19291667,0.0,NA,0.0,NA,1.0
2023-02-20,3.0,29,2,NA,17.63375,4.97166667,20.59208333,0.0,NA,0.0,NA,1.0
2023-02-21,3.0,4,17,NA,16.13875,5.13291667,14.1025,0.0,NA,0.0,NA,1.0
2023-02-22,3.0,2,14,20.0,17.90958333,4.77958333,17.73541667,0.0,NA,0.0,NA,1.0
2023-02-23,2.0,3,1,28.0,23.46916667,4.31291667,34.05625,18.9,83.1,2.7,NA,1.0
2023-02-24,2.0,51,6,NA,26.51541667,3.90708333,41.31958333,18.4,85.8,1.4,NA,1.0
2023-02-25,2.0,1,3,32.0,6.0,3.49833333,44.30458333,17.1,90.0,1.1,NA,1.0
2023-02-26,2.0,23,1,NA,21.47708333,3.66608696,36.79478261,17.2,85.0,0.9,NA,1.0
2023-02-27,3.0,5,4,NA,25.20782609,4.82208333,33.77208333,18.8,80.9,1.4,NA,1.0
2023-02-28,4.0,3,1,33.0,6.0,7.72217391,30.71125,18.9,79.3,1.2,NA,1.0
2023-03-01,5.0,1,2,NA,25.55541667,8.59291667,25.885,18.0,85.0,1.4,NA,1.0
2023-03-02,4.0,2,1,NA,29.77958333,6.805,27.80458333,17.7,86.3,1.0,NA,1.0
2023-03-03,3.0,4,1,32.0,10.0,5.71875,30.67916667,17.8,88.9,1.2,NA,1.0
2023-03-04,3.0,6,2,NA,19.93791667,5.03041667,24.80166667,16.9,91.5,1.0,NA,1.0
2023-03-05,2.0,1,1,NA,16.32608696,3.99782609,20.71434783,16.8,92.6,1.1,NA,1.0
2023-03-06,3.0,1,1,34.0,15.0,4.74125,24.60625,17.6,87.9,0.7,NA,1.0
2023-03-07,2.0,1,6,NA,16.02173913,4.12916667,23.41458333,15.6,94.6,0.8,NA,1.0
2023-03-08,2.0,1,1,NA,14.68083333,4.02583333,25.06375,15.3,94.9,0.8,NA,1.0
2023-03-09,2.0,5,4,27.0,6.0,3.09125,20.16708333,14.3,98.2,0.9,NA,1.0
2023-03-10,2.0,2,39,NA,13.8275,4.00166667,14.2075,13.7,98.1,0.6,NA,2.0
2023-03-11,2.0,1,3,NA,9.95791667,3.43791667,16.32583333,13.5,98.6,0.8,NA,1.0
2023-03-12,2.0,4,1,11.0,12.0,3.63782609,18.36826087,14.9,93.7,0.3,NA,2.0
2023-03-13,2.0,5,2,NA,11.185,3.5175,16.07625,14.5,94.6,0.6,NA,1.0
2023-03-14,2.0,2,1,NA,13.45173913,3.42041667,18.9975,15.0,94.8,1.2,NA,3.0
2023-03-15,2.0,1,3,16.0,9.0,3.015,24.41708333,13.8,98.5,1.5,NA,1.0
2023-03-16,2.0,6,1,NA,15.59458333,4.5825,22.13916667,14.1,92.5,0.0,NA,1.0
2023-03-17,2.0,41,1,NA,16.84916667,3.65958333,26.20666667,15.9,93.4,0.0,NA,1.0
2023-03-18,2.0,13,1,14.0,7.0,3.75458333,18.61958333,0.0,NA,0.0,NA,1.0
2023-03-19,2.0,3,518,NA,13.015,3.6326087,22.56173913,0.0,NA,0.0,NA,1.0
2023-03-20,2.0,3,1,NA,9.56916667,2.9425,33.37375,0.0,NA,0.0,NA,NA
2023-03-21,2.0,2,4,17.0,13.0,4.0875,35.77083333,19.0,76.2,3.3,NA,2.0
2023-03-22,2.0,22,1,NA,NA,4.1475,39.71791667,16.6,82.9,1.1,NA,1.0
2023-03-23,2.0,1,1,NA,NA,3.5725,31.08708333,15.6,94.3,0.9,NA,2.0
2023-03-24,2.0,6,2,23.0,10.0,2.905,25.16666667,14.5,97.8,0.0,NA,1.0
2023-03-25,2.0,1,3,NA,NA,4.20083333,25.67458333,16.4,93.8,0.5,NA,1.0
2023-03-26,2.0,8,1,NA,NA,3.56291667,26.65416667,15.9,93.8,0.6,NA,1.0
2023-03-27,2.0,1,17,37.0,27.0,4.1175,31.8175,16.2,89.6,0.5,NA,1.0
2023-03-28,3.0,1,6,NA,NA,4.65583333,37.72458333,19.3,77.3,1.1,NA,1.0
2023-03-29,2.0,1,1,NA,16.83,3.18333333,39.18958333,16.8,91.5,3.5,NA,NA
2023-03-30,3.0,11,1,23.0,17.58333333,5.36791667,26.965,18.8,79.7,1.5,NA,1.0
2023-03-31,2.0,3,3,NA,21.68125,4.42333333,33.46625,16.9,88.5,0.8,NA,1.0
2023-04-01,2.0,7,2,NA,22.16166667,4.49125,24.69416667,0.0,NA,0.0,NA,1.0
2023-04-02,4.0,19,2,20.0,18.0,7.0073913,29.88869565,0.0,NA,0.0,NA,1.0
2023-04-03,3.0,1,2,NA,17.80782609,4.90041667,31.61166667,21.1,75.0,0.7,NA,1.0
2023-04-04,2.0,2,2,NA,20.66291667,3.82708333,25.97416667,0.0,NA,0.0,NA,1.0
2023-04-05,2.0,34,5,21.0,14.0,4.11291667,33.87708333,0.0,NA,0.0,NA,1.0
2023-04-06,1.0,9,1,14.0,8.89416667,2.10666667,41.63833333,14.6,99.0,1.6,NA,1.0
2023-04-07,1.0,6,1,NA,8.27,1.97875,46.90541667,0.0,NA,0.0,NA,NA
2023-04-08,2.0,1,4,13.0,9.0,3.12916667,32.18333333,14.4,99.0,0.6,NA,NA
2023-04-09,2.0,5,1,NA,11.66083333,4.35583333,27.1475,0.0,NA,0.0,NA,1.0
2023-04-10,2.0,2,2,NA,15.71,NA,NA,17.6,92.5,2.3,NA,1.0
2023-04-11,3.0,74,2,24.0,13.0,5.18958333,29.615,19.9,80.0,2.2,NA,1.0
2023-04-12,3.0,1,9,36.0,19.95208333,5.23791667,29.92916667,19.9,80.1,1.9,NA,NA
2023-04-13,2.0,3,2,NA,19.41791667,3.82416667,28.74583333,17.2,92.7,0.8,NA,1.0
2023-04-14,3.0,2,11,30.0,15.0,4.76625,24.87666667,16.6,93.4,1.0,NA,1.0
2023-04-15,2.0,1,3,NA,22.27708333,4.09083333,31.26083333,16.2,95.0,0.5,NA,1.0
2023-04-16,3.0,1,1,NA,17.65166667,6.02166667,26.47583333,15.6,96.3,0.7,NA,2.0
2023-04-17,2.0,1,1,21.0,13.0,3.23875,30.65583333,15.5,95.8,0.3,NA,2.0
2023-04-18,2.0,1,2,NA,10.36285714,4.21875,30.10875,19.9,81.0,0.0,NA,1.0
2023-04-19,3.0,1,2,NA,14.56166667,4.68375,34.42708333,0.0,NA,0.0,NA,1.0
2023-04-20,2.0,26,1,20.0,14.0,4.51956522,22.73608696,17.2,92.5,0.9,NA,1.0
2023-04-21,2.0,4,2,NA,16.95590909,2.96458333,23.50083333,0.0,NA,0.0,NA,1.0
2023-04-22,2.0,4,12,NA,12.28458333,2.87958333,30.80416667,0.0,NA,0.0,NA,1.0
2023-04-23,1.0,6,6,14.0,5.0,2.61291667,28.77916667,0.0,NA,0.0,NA,1.0
2023-04-24,2.0,53,1,NA,15.47,4.28958333,29.80166667,19.0,79.1,0.3,NA,1.0
2023-04-25,3.0,21,1,NA,16.60791667,5.41208333,26.32,17.4,83.6,0.6,NA,2.0
2023-04-26,3.0,9,10,22.0,11.0,5.62333333,22.45833333,17.6,86.5,0.8,NA,1.0
2023-04-27,2.0,1,1,NA,21.87,3.83833333,32.6475,17.1,90.0,1.1,NA,2.0
2023-04-28,3.0,1,1,NA,12.77333333,4.79875,32.46208333,16.0,88.8,0.8,NA,2.0
2023-04-29,3.0,4,1,21.0,19.0,5.17083333,18.77708333,16.6,89.5,0.8,NA,1.0
2023-04-30,3.0,3,2,NA,17.27833333,4.88041667,18.405,16.5,91.4,1.0,NA,1.0
2023-05-01,3.0,2,1,NA,14.21541667,4.66833333,21.77625,17.4,86.8,1.3,NA,1.0
2023-05-02,2.0,2,2,15.0,12.0,4.45333333,35.18444444,18.5,82.9,1.0,NA,1.0
2023-05-03,3.0,3,1,17.0,15.72583333,4.89583333,37.76458333,18.9,78.6,1.0,NA,2.0
2023-05-04,3.0,2,1,NA,16.71083333,5.89708333,36.11666667,19.6,77.0,1.1,NA,1.0
2023-05-05,3.0,10,5,21.0,10.0,5.15958333,38.92625,19.8,78.2,1.1,NA,2.0
2023-05-06,3.0,7,1,NA,23.26166667,4.67958333,42.18458333,18.9,83.1,1.3,NA,1.0
2023-05-07,2.0,1,2,NA,14.81041667,3.86416667,33.93,19.8,80.2,1.3,NA,1.0
2023-05-08,3.0,1,2,21.0,14.0,5.16125,36.58375,19.4,79.2,1.2,NA,1.0
2023-05-09,3.0,1,1,NA,16.97166667,5.24458333,39.5775,19.2,81.8,1.4,NA,1.0
2023-05-10,3.0,3,38,NA,19.09458333,6.41666667,15.985,17.2,90.9,0.9,NA,1.0
2023-05-11,3.0,5,1,23.0,14.0,4.90708333,23.73875,17.9,88.6,1.2,NA,1.0
2023-05-12,3.0,36,1,NA,18.88391304,4.95,31.39041667,18.6,86.7,1.2,NA,1.0
2023-05-13,3.0,6,3,NA,21.81,6.38041667,30.74875,19.4,85.7,1.0,NA,1.0
2023-05-14,3.0,6,1,20.0,15.0,5.08666667,23.64375,18.8,86.2,0.9,NA,1.0
2023-05-15,3.0,2,1,NA,14.05791667,5.70833333,14.34125,17.4,90.8,0.8,NA,2.0
2023-05-16,2.0,16,3,NA,14.73375,4.5225,7.13,16.8,92.9,1.2,NA,1.0
2023-05-17,2.0,2,1,21.0,9.0,4.351,14.70352941,17.7,91.7,0.9,NA,1.0
2023-05-18,2.0,14,513,NA,17.55083333,4.31166667,29.3325,18.8,86.3,1.1,NA,1.0
2023-05-19,2.0,14,1,NA,18.835,3.71791667,32.36,18.9,89.5,1.3,NA,1.0
2023-05-20,2.0,1,1,17.0,14.0,3.64416667,18.545,17.0,95.8,1.0,NA,2.0
2023-05-21,2.0,9,1,NA,9.7075,3.19666667,14.98916667,16.5,94.5,1.0,NA,2.0
2023-05-22,1.0,8,1,NA,8.66208333,2.75166667,23.235,16.8,93.1,0.9,NA,1.0
2023-05-23,2.0,1,1,11.0,6.0,3.46875,14.28583333,16.0,95.0,0.9,NA,1.0
2023-05-24,2.0,17,3,NA,11.98625,3.84833333,25.2225,17.7,90.5,1.4,NA,1.0
2023-05-25,2.0,18,1,NA,14.87333333,4.31625,19.49458333,17.1,91.3,1.1,NA,1.0
2023-05-26,2.0,6,13,19.0,14.0,3.94375,14.90416667,16.2,93.5,1.0,NA,1.0
2023-05-27,4.0,28,1,NA,13.35375,7.68625,12.855,17.1,88.9,0.8,NA,1.0
2023-05-28,3.0,1,4,NA,10.11,5.61083333,11.77,16.7,90.4,0.7,NA,2.0
2023-05-29,2.0,11,1,NA,15.13136364,4.25916667,20.33666667,16.5,92.9,1.5,NA,1.0
2023-05-30,2.0,3,3,NA,13.02541667,4.3275,18.95416667,16.0,93.3,0.9,NA,1.0
2023-05-31,2.0,4,2,NA,14.25625,4.47916667,17.485,16.1,89.6,0.6,NA,1.0
2023-06-01,2.0,1,1,19.0,9.0,4.01666667,14.32291667,16.9,93.3,0.7,NA,1.0
2023-06-02,2.0,7,4,NA,15.5464,4.4384,28.5268,16.3,95.3,0.9,NA,1.0
2023-06-03,5.0,77,2,NA,15.78208333,4.86875,37.51375,0.0,NA,0.0,NA,1.0
2023-06-04,3.0,1,2,16.0,9.0,6.01,37.88727273,16.5,87.0,0.2,NA,2.0
2023-06-05,2.0,1,3,NA,NA,3.99666667,23.62708333,19.5,83.4,1.7,NA,1.0
2023-06-06,2.0,3,1,NA,NA,4.32,19.70333333,0.0,NA,0.0,NA,1.0
2023-06-07,2.0,2,1,19.0,12.0,3.90875,23.89958333,17.4,87.0,0.0,NA,1.0
2023-06-08,2.0,2,5,NA,NA,3.93458333,21.21041667,16.8,92.7,1.0,NA,1.0
2023-06-09,2.0,3,1,NA,NA,3.7225,18.79791667,15.3,99.0,0.5,NA,1.0
2023-06-10,2.0,1,4,15.0,8.0,4.405,18.93791667,17.5,91.0,0.6,NA,1.0
2023-06-11,2.0,1,3,NA,NA,3.82916667,22.83875,18.9,82.3,1.0,NA,1.0
2023-06-12,2.0,1,8,NA,NA,4.40041667,27.35166667,18.6,84.7,1.0,NA,2.0
2023-06-13,2.0,2,1,15.0,11.0,4.16708333,29.77791667,18.2,83.2,1.4,NA,1.0
2023-06-14,2.0,1,12,NA,NA,4.3275,30.12,19.4,81.0,0.9,NA,1.0
2023-06-15,3.0,30,4,NA,NA,4.85125,25.15041667,17.8,87.9,1.0,NA,1.0
2023-06-16,3.0,7,1,17.0,13.0,5.33708333,21.73041667,18.0,86.1,0.8,NA,1.0
2023-06-17,2.0,2,1,NA,NA,3.94333333,20.95083333,17.2,89.0,0.8,NA,1.0
2023-06-18,2.0,7,2,NA,NA,3.82041667,21.69125,18.8,76.3,1.4,NA,1.0
2023-06-19,2.0,41,1,10.0,9.0,3.45166667,26.34041667,19.8,70.8,1.1,NA,1.0
2023-06-20,2.0,1,1,NA,NA,4.4173913,28.09083333,19.5,74.7,1.1,NA,1.0
2023-06-21,3.0,26,1,NA,NA,4.8025,33.22166667,19.9,77.6,1.1,NA,1.0
2023-06-22,2.0,3,1,18.0,15.0,3.72708333,28.33041667,18.9,86.1,1.1,NA,2.0
2023-06-23,3.0,1,1,NA,NA,5.4325,21.27791667,17.7,88.2,0.9,NA,1.0
2023-06-24,5.0,1,11,NA,NA,8.80541667,18.90541667,17.1,86.3,1.0,NA,1.0
2023-06-25,3.0,2,3,15.0,NA,4.75166667,18.06416667,16.6,91.4,0.7,NA,1.0
2023-06-26,3.0,1,1,NA,12.725,4.84166667,13.155,16.7,91.0,1.1,NA,1.0
2023-06-27,2.0,12,8,NA,14.66,4.22625,25.83875,18.3,87.0,1.4,NA,1.0
2023-06-28,3.0,1,1,21.0,14.0,5.07875,26.92041667,17.6,90.1,0.8,NA,2.0
2023-06-29,4.0,3,1,NA,12.83583333,6.90458333,24.38208333,19.3,76.3,1.0,NA,1.0
2023-06-30,3.0,2,1,NA,13.29166667,5.50875,24.32208333,21.2,73.0,1.1,NA,1.0
2023-07-01,3.0,2,1,15.0,15.0,5.11458333,23.34416667,19.0,82.5,0.9,NA,2.0
2023-07-02,2.0,2,4,NA,13.42416667,3.58041667,20.60333333,16.9,90.9,0.9,NA,1.0
2023-07-03,2.0,3,2,NA,13.85375,3.57041667,20.05041667,16.4,91.4,1.1,NA,NA
2023-07-04,2.0,1,4,20.0,9.0,3.47791667,18.38041667,16.9,93.3,0.9,NA,1.0
2023-07-05,3.0,1,1,NA,17.72708333,4.93125,20.89125,17.5,88.0,0.9,NA,1.0
2023-07-06,3.0,8,1,NA,17.53666667,5.20625,19.07208333,16.3,90.2,0.9,NA,2.0
2023-07-07,2.0,10,8,20.0,10.0,4.62083333,9.91708333,15.7,92.7,0.5,NA,1.0
2023-07-08,2.0,3,3,NA,18.0675,4.40833333,17.16,0.0,NA,0.0,NA,1.0
2023-07-09,2.0,3,2,NA,14.72583333,3.94416667,26.11458333,18.8,81.4,1.2,NA,2.0
2023-07-10,2.0,1,39,18.0,11.0,4.22458333,31.86125,17.8,84.0,0.9,NA,4.0
2023-07-11,2.0,2,1,NA,15.22791667,4.18166667,31.6725,17.8,84.2,1.0,NA,1.0
2023-07-12,3.0,8,4,NA,17.65375,4.95,28.96875,18.6,83.5,0.9,NA,1.0
2023-07-13,3.0,20,1,20.0,9.0,4.75666667,37.45291667,18.7,82.2,1.5,NA,2.0
2023-07-14,2.0,10,1,NA,16.65791667,3.56708333,29.64833333,18.3,86.9,1.0,NA,1.0
2023-07-15,1.0,3,1,NA,18.2325,2.57458333,32.87791667,18.0,89.1,0.8,NA,2.0
2023-07-16,1.0,3,2,18.0,8.0,2.27833333,29.50458333,18.0,87.5,1.3,NA,3.0
2023-07-17,2.0,28,4,NA,13.51458333,2.98708333,23.78791667,17.0,90.9,0.9,NA,3.0
2023-07-18,2.0,1,3,NA,12.46416667,3.13083333,26.56416667,18.8,80.1,1.1,NA,4.0
2023-07-19,2.0,1,499,12.0,6.0,2.84208333,35.36041667,20.5,68.5,1.6,NA,1.0
2023-07-20,1.0,7,4,NA,8.282,2.67666667,33.66458333,20.2,68.3,1.1,NA,4.0
2023-07-21,2.0,3,1,NA,NA,2.90291667,24.85708333,19.9,73.5,0.8,NA,1.0
2023-07-22,2.0,14,1,12.0,NA,2.84041667,26.53291667,19.2,77.1,0.9,NA,2.0
2023-07-23,1.0,1,1,NA,12.52769231,2.37958333,37.63375,19.5,76.6,1.4,NA,1.0
2023-07-24,1.0,1,1,NA,15.54041667,2.6425,38.18916667,18.7,81.6,1.4,NA,2.0
2023-07-25,2.0,2,15,27.0,16.0,3.01166667,37.68166667,18.9,84.8,1.6,NA,2.0
2023-07-26,2.0,10,1,NA,19.27782609,3.72166667,17.43375,18.0,86.4,0.8,NA,2.0
2023-07-27,2.0,3,1,NA,20.8325,3.71958333,22.51083333,19.0,83.6,0.9,NA,2.0
2023-07-28,2.0,2,1,22.0,12.0,3.06916667,31.68416667,17.0,86.8,0.9,NA,2.0
2023-07-29,2.0,14,1,NA,14.015,3.02125,27.17208333,0.0,NA,0.0,NA,1.0
2023-07-30,1.0,21,6,NA,13.35521739,2.44208333,24.03541667,18.8,90.1,1.6,NA,NA
2023-07-31,2.0,3,3,16.0,12.0,3.34458333,19.64666667,18.7,79.8,0.7,NA,1.0
2023-08-01,2.0,42,1,NA,13.00541667,3.21791667,22.38375,17.3,84.3,0.6,NA,1.0
2023-08-02,2.0,3,6,NA,13.94583333,2.90958333,34.9525,16.9,79.9,1.0,NA,2.0
2023-08-03,2.0,15,5,20.0,10.0,2.94958333,35.27416667,18.1,77.4,0.8,NA,1.0
2023-08-04,2.0,9,1,NA,17.00791667,3.06416667,42.52666667,18.0,78.8,0.8,NA,1.0
2023-08-05,2.0,1,3,NA,16.69375,3.43708333,35.78708333,18.3,76.6,0.8,NA,4.0
2023-08-06,1.0,1,1,14.0,13.0,2.66416667,35.26541667,18.3,80.1,0.8,NA,NA
2023-08-07,1.0,1,2,NA,13.93583333,2.45347826,26.99652174,17.8,86.3,0.7,NA,NA
2023-08-08,1.0,74,3,NA,14.1525,2.77625,34.73,17.4,84.6,0.4,NA,NA
2023-08-09,2.0,3,1,20.0,12.0,2.92666667,35.80166667,0.0,NA,0.0,NA,1.0
2023-08-10,2.0,1,3,NA,16.8725,3.36916667,46.025,0.0,NA,0.0,NA,1.0
2023-08-11,3.0,3,6,NA,18.15708333,4.83166667,32.69125,0.0,NA,0.0,NA,2.0
2023-08-12,2.0,1,2,15.0,12.0,4.46333333,32.19833333,0.0,NA,0.0,NA,1.0
2023-08-13,2.0,1,10,NA,14.90333333,3.51458333,25.78125,17.2,NA,1.0,NA,2.0
2023-08-14,3.0,1,6,NA,15.67041667,4.66291667,32.95875,21.3,72.0,1.4,NA,NA
2023-08-15,2.0,6,1,22.0,10.0,3.85333333,34.14208333,17.5,90.5,1.9,NA,1.0
2023-08-16,2.0,15,1,NA,17.55416667,4.16916667,25.73583333,16.2,97.5,1.8,NA,1.0
2023-08-17,3.0,1,1,NA,15.0825,4.64583333,22.66333333,0.0,NA,0.0,NA,1.0
2023-08-18,2.0,1,1,18.0,10.0,4.58958333,23.15166667,0.0,NA,0.0,NA,2.0
2023-08-19,3.0,1,1,NA,16.10833333,4.82666667,23.51458333,0.0,NA,0.0,NA,NA
2023-08-20,2.0,1,15,NA,14.68375,3.19458333,27.13291667,0.0,NA,0.0,NA,1.0
2023-08-21,2.0,1,2,10.0,4.0,3.06478261,24.2226087,0.0,NA,0.0,NA,NA
2023-08-22,2.0,8,4,23.0,10.32142857,3.78791667,17.12083333,0.0,NA,0.0,NA,1.0
2023-08-23,2.0,2,7,NA,13.80666667,4.30875,17.8675,16.5,91.0,0.9,NA,NA
2023-08-24,3.0,1,1,15.0,10.0,4.95291667,21.21,15.8,88.2,0.8,NA,1.0
2023-08-25,3.0,6,1,NA,16.18869565,4.93541667,30.96708333,16.3,86.9,0.8,NA,1.0
2023-08-26,4.0,1,6,NA,16.24208333,7.49708333,30.75625,0.0,NA,0.0,NA,1.0
2023-08-27,3.0,1,1,25.0,13.3225,5.7625,32.77416667,0.0,NA,0.0,NA,1.0
2023-08-28,3.0,1,2,NA,15.41125,4.95916667,44.47583333,20.9,72.0,2.5,NA,1.0
2023-08-29,2.0,1,1,NA,18.33958333,4.62208333,47.41458333,19.7,80.7,2.5,NA,1.0
2023-08-30,3.0,1,2,20.0,8.0,5.60666667,45.83041667,19.7,72.3,1.1,NA,1.0
2023-08-31,3.0,1,1,NA,12.63565217,5.1575,39.03958333,18.6,73.1,0.8,NA,1.0
2023-09-01,3.0,4,1,NA,18.24458333,5.57208333,47.60375,17.7,74.2,0.8,NA,1.0
2023-09-02,3.0,5,32,20.0,14.0,4.96416667,46.22791667,0.0,NA,0.0,NA,NA
2023-09-03,2.0,2,4,NA,18.14166667,4.34130435,42.50304348,0.0,NA,0.0,NA,1.0
2023-09-04,2.0,1,1,NA,11.52347826,4.32416667,41.42291667,19.2,81.0,1.6,NA,1.0
2023-09-05,2.0,4,2,16.0,11.0,4.43083333,45.32541667,19.4,76.9,0.5,NA,1.0
2023-09-06,2.0,1,3,NA,9.44130435,4.50791667,48.25791667,17.5,80.3,1.1,NA,1.0
2023-09-07,3.0,11,1,NA,11.58375,5.15791667,41.90541667,18.5,73.2,0.4,NA,1.0
2023-09-08,7.0,1,1,29.0,17.0,12.77416667,37.60666667,17.4,81.0,0.7,NA,NA
2023-09-09,4.0,3,1,NA,15.40916667,8.20875,29.6725,15.9,94.7,1.0,NA,1.0
2023-09-10,2.0,13,453,NA,11.48333333,4.36208333,30.97833333,0.0,NA,0.0,NA,1.0
2023-09-11,3.0,29,1,19.0,11.0,5.30208333,32.05583333,17.9,82.5,1.2,NA,NA
2023-09-12,3.0,2,1,NA,11.5475,6.05208333,37.73208333,17.0,81.7,1.0,NA,1.0
2023-09-13,5.0,3,2,NA,11.55608696,9.38833333,36.75833333,19.2,81.6,1.6,NA,1.0
2023-09-14,4.0,1,1,25.0,14.0,6.65208333,27.78958333,17.3,91.0,0.1,NA,1.0
2023-09-15,3.0,5,1,NA,16.53,5.97041667,28.03375,16.7,90.7,1.2,NA,1.0
2023-09-16,3.0,2,1,NA,12.4675,5.22791667,43.89875,0.0,NA,0.0,NA,1.0
2023-09-17,2.0,2,7,26.0,11.0,4.21916667,37.66458333,0.0,NA,0.0,NA,NA
2023-09-18,3.0,1,2,NA,14.29458333,5.13208333,39.33666667,18.2,83.8,0.8,NA,1.0
2023-09-19,3.0,5,2,NA,21.00375,5.50208333,36.6025,19.9,77.7,1.3,NA,1.0
2023-09-20,3.0,4,1,19.0,9.0,4.8825,45.23958333,19.3,73.6,1.0,NA,1.0
2023-09-21,3.0,1,6,NA,17.075,5.5175,46.06416667,19.1,69.7,1.4,NA,1.0
2023-09-22,6.0,3,5,NA,21.06458333,10.76958333,44.23791667,17.5,75.3,0.8,NA,1.0
2023-09-23,6.0,1,2,NA,20.98375,11.6125,33.77666667,0.0,NA,0.0,NA,NA
2023-09-24,3.0,3,1,NA,20.01695652,5.42782609,40.75434783,0.0,NA,0.0,NA,1.0
2023-09-25,3.0,8,1,NA,18.60083333,5.34333333,48.87333333,19.2,80.9,0.9,NA,1.0
2023-09-26,2.0,2,3,11.0,10.0,4.55458333,39.10291667,17.9,86.5,0.9,NA,1.0
2023-09-27,3.0,1,5,NA,19.9275,6.23083333,30.47,17.7,83.6,0.9,NA,2.0
2023-09-28,3.0,6,1,24.0,11.0,5.65708333,32.92333333,18.0,87.4,1.3,NA,1.0
2023-09-29,3.0,5,3,NA,17.99916667,5.79041667,41.77583333,20.2,79.0,2.3,NA,1.0
2023-09-30,3.0,1,2,NA,18.395,5.48791667,34.93791667,0.0,NA,0.0,NA,1.0
2023-10-01,3.0,14,1,NA,14.58130435,6.14217391,39.44521739,16.5,87.0,1.9,NA,1.0
2023-10-02,3.0,1,1,13.0,14.0,5.365,47.14708333,19.1,85.2,1.7,NA,1.0
2023-10-03,2.0,4,1,NA,13.68125,3.47791667,39.26375,16.5,94.3,1.0,NA,NA
2023-10-04,2.0,3,3,NA,11.7273913,4.16875,27.24333333,15.9,96.3,0.9,NA,1.0
2023-10-05,2.0,10,4,18.0,8.0,4.52625,27.46125,18.1,87.0,1.7,NA,NA
2023-10-06,3.0,8,1,NA,12.38666667,5.01458333,38.07416667,17.9,86.4,0.7,NA,1.0
2023-10-07,3.0,5,1,NA,15.13916667,5.98541667,33.38208333,16.9,87.5,0.9,NA,1.0
2023-10-08,3.0,14,1,16.0,12.0,4.715,31.44291667,16.0,89.6,1.0,NA,1.0
2023-10-09,4.0,1,1,NA,14.96409091,6.61217391,30.33565217,15.9,86.3,0.8,NA,NA
2023-10-10,3.0,5,1,NA,17.32583333,5.91708333,36.35416667,19.4,88.3,2.6,NA,1.0
2023-10-11,3.0,4,1,27.0,20.0,6.28625,28.16083333,17.1,87.5,0.2,NA,1.0
2023-10-12,3.0,4,1,NA,17.20458333,6.10333333,26.22375,16.4,86.4,0.9,NA,1.0
2023-10-13,3.0,1,6,NA,16.60916667,5.71166667,32.71083333,16.3,82.9,0.8,NA,1.0
2023-10-14,4.0,2,2,20.0,15.0,6.54791667,30.1025,15.8,88.3,0.7,NA,1.0
2023-10-15,2.0,2,2,NA,17.985,4.33916667,30.49625,16.2,91.8,0.7,NA,1.0
2023-10-16,3.0,48,1,NA,15.04217391,4.99565217,28.4926087,15.9,88.5,0.9,NA,1.0
2023-10-17,6.0,2,1,21.0,11.0,10.47958333,25.60458333,15.8,85.4,0.8,NA,1.0
2023-10-18,2.0,4,1,NA,15.51916667,7.76636364,24.43,16.8,84.1,0.9,NA,1.0
2023-10-19,0.0,1,9,NA,20.06333333,NA,NA,17.4,87.1,0.7,NA,1.0
2023-10-20,2.0,1,1,29.0,17.0,4.57578947,25.62157895,16.5,94.0,0.8,NA,1.0
2023-10-21,2.0,1,1,NA,13.57583333,4.08333333,21.86583333,0.0,NA,0.0,NA,NA
2023-10-22,2.0,1,4,NA,12.56083333,3.3775,32.16625,0.0,NA,0.0,NA,NA
2023-10-23,2.0,1,2,21.0,7.0,3.54208333,39.48458333,19.4,87.0,1.8,NA,1.0
2023-10-24,2.0,12,3,NA,17.40791667,3.09708333,31.30666667,0.0,NA,0.0,NA,1.0
2023-10-25,3.0,2,1,NA,16.57583333,4.72791667,24.43125,0.0,NA,0.0,NA,1.0
2023-10-26,2.0,1,1,NA,15.04041667,4.19083333,29.47875,0.0,NA,0.0,NA,1.0
2023-10-27,1.0,34,1,NA,10.0215,2.09166667,28.88875,15.3,94.3,0.7,NA,1.0
2023-10-28,1.0,28,11,NA,8.18826087,2.15,26.06458333,14.2,96.3,0.9,NA,NA
2023-10-29,1.0,5,3,13.0,7.02083333,2.47125,30.67416667,15.3,89.6,0.6,NA,1.0
2023-10-30,2.0,1,1,NA,11.57142857,3.13173913,21.51608696,16.0,92.9,0.9,NA,1.0
2023-10-31,2.0,1,2,NA,9.46166667,4.03125,29.335,15.9,92.7,0.9,NA,1.0
2023-11-01,2.0,1,109,NA,11.0,3.87458333,19.48458333,15.4,97.5,0.7,NA,1.0
2023-11-02,1.0,2,1,16.0,13.715,2.61958333,24.74,15.2,96.7,1.1,NA,1.0
2023-11-03,2.0,2,1,NA,10.42166667,3.01083333,29.44875,18.6,84.9,2.1,NA,1.0
2023-11-04,2.0,1,1,19.0,7.0,3.23916667,18.07541667,0.0,NA,0.0,NA,NA
2023-11-05,1.0,1,1,NA,11.88625,2.50875,26.09583333,0.0,NA,0.0,NA,1.0
2023-11-06,1.0,1,10,NA,7.82916667,2.14416667,40.36166667,0.0,NA,0.0,NA,1.0
2023-11-07,2.0,4,1,19.0,13.0,4.53958333,26.83583333,17.9,86.5,0.7,NA,1.0
2023-11-08,3.0,1,1,NA,19.07875,4.73791667,34.97375,17.9,88.1,0.7,NA,1.0
2023-11-09,3.0,1,2,NA,21.44416667,4.96125,30.42833333,17.9,90.1,0.8,NA,1.0
2023-11-10,2.0,1,2,26.0,11.0,4.44208333,32.50875,18.2,89.8,0.8,NA,NA
2023-11-11,2.0,3,1,NA,19.1225,4.02541667,34.01958333,18.6,88.6,1.2,NA,1.0
2023-11-12,2.0,1,2,NA,17.79375,3.99125,27.74083333,18.0,90.9,0.9,NA,1.0
2023-11-13,2.0,4,1,23.0,9.0,3.08458333,31.66375,18.3,89.4,1.3,NA,1.0
2023-11-14,2.0,20,1,31.0,17.93875,4.23666667,35.33458333,17.1,90.4,0.9,NA,1.0
2023-11-15,2.0,5,1,NA,13.02125,3.54916667,29.5125,16.7,93.3,0.8,NA,2.0
2023-11-16,3.0,1,1,18.0,8.0,5.18166667,31.8975,18.3,85.5,0.7,NA,1.0
2023-11-17,2.0,7,1,NA,12.84363636,4.15458333,36.76166667,17.1,86.1,1.0,NA,NA
2023-11-18,2.0,1,1,NA,10.9665,2.865,25.13666667,15.8,95.4,0.9,NA,1.0
2023-11-19,1.0,14,1,14.0,4.0,1.74416667,29.155,16.5,92.2,1.0,NA,1.0
2023-11-20,1.0,4,4,NA,11.94695652,2.61666667,20.54666667,15.6,95.7,0.8,NA,1.0
2023-11-21,1.0,2,5,NA,8.568,1.95166667,30.08708333,14.3,99.0,0.0,NA,1.0
2023-11-22,2.0,26,1,9.0,9.0,3.27583333,24.80208333,0.0,NA,0.0,NA,2.0
2023-11-23,2.0,2,3,NA,14.02318182,3.94625,29.07375,17.1,88.0,0.1,NA,1.0
2023-11-24,2.0,9,1,NA,14.64166667,2.93208333,30.26875,14.7,99.0,0.0,NA,1.0
2023-11-25,2.0,1,1,25.0,17.165,4.20875,29.865,15.2,97.7,0.0,NA,1.0
2023-11-26,2.0,1,4,NA,16.16583333,3.27375,34.39041667,19.2,89.0,0.3,NA,2.0
2023-11-27,2.0,14,1,NA,15.45708333,3.85958333,35.09083333,18.1,82.9,0.3,NA,2.0
2023-11-28,2.0,12,2,16.0,18.17666667,3.53541667,41.215,0.0,NA,0.0,NA,1.0
2023-11-29,2.0,1,4,NA,20.27583333,4.27,37.97541667,0.0,NA,0.0,NA,1.0
2023-11-30,2.0,29,1,NA,21.59333333,3.74875,37.64916667,0.0,NA,0.0,NA,1.0
2023-12-01,2.0,7,20,11.0,21.62125,4.19208333,43.01416667,0.0,NA,0.0,NA,1.0
2023-12-02,2.0,4,2,NA,20.08291667,4.48166667,46.9375,0.0,NA,0.0,NA,1.0
2023-12-03,2.0,2,2,NA,16.3975,4.19375,43.22458333,0.0,NA,0.0,NA,1.0
2023-12-04,2.0,1,3,18.0,20.75941176,3.30375,40.10166667,0.0,NA,0.0,NA,2.0
2023-12-05,2.0,56,2,NA,19.64416667,4.31166667,42.34916667,0.0,NA,0.0,NA,2.0
2023-12-06,2.0,1,7,NA,24.395,2.92375,45.76125,0.0,NA,0.0,NA,1.0
2023-12-07,8.0,1,1,27.0,31.43583333,14.27666667,30.06416667,0.0,NA,0.0,NA,1.0
2023-12-08,4.0,1,3,NA,26.57,7.44916667,33.48375,0.0,NA,0.0,NA,1.0
2023-12-09,2.0,1,1,NA,20.31458333,3.87541667,44.61333333,0.0,NA,0.0,NA,1.0
2023-12-10,3.0,26,1,18.0,18.99652174,4.63826087,28.20652174,0.0,NA,0.0,NA,1.0
2023-12-11,2.0,1,6,NA,16.7575,3.87875,33.2525,0.0,NA,0.0,NA,1.0
2023-12-12,3.0,1,2,NA,18.14416667,5.0975,39.0875,0.0,NA,0.0,NA,2.0
2023-12-13,2.0,3,32,26.0,22.09416667,4.42166667,39.50916667,0.0,NA,0.0,NA,1.0
2023-12-14,3.0,30,2,NA,27.49833333,4.94333333,43.95958333,0.0,NA,0.0,NA,1.0
2023-12-15,2.0,5,5,NA,15.9125,3.945,24.2775,0.0,NA,0.0,NA,1.0
2023-12-16,2.0,21,1,12.0,12.26,4.01375,23.34958333,0.0,NA,0.0,NA,1.0
2023-12-17,1.0,3,1,NA,8.44208333,2.40875,30.21,0.0,NA,0.0,NA,1.0
2023-12-18,1.0,1,2,NA,13.33227273,2.50043478,40.29304348,0.0,NA,0.0,NA,1.0
2023-12-19,1.0,6,1,20.0,15.54166667,2.49791667,38.78416667,0.0,NA,0.0,NA,1.0
2023-12-20,2.0,1,336,NA,16.33333333,3.31833333,32.73791667,0.0,NA,0.0,NA,1.0
2023-12-21,2.0,2,3,NA,15.5,4.41,32.065,0.0,NA,0.0,NA,2.0
2023-12-22,3.0,1,1,22.0,20.33333333,5.24,40.54125,0.0,NA,0.0,NA,2.0
2023-12-23,2.0,1,1,NA,23.08333333,4.25708333,37.80833333,0.0,NA,0.0,NA,1.0
2023-12-24,2.0,1,1,NA,27.20833333,3.93,36.76125,0.0,NA,0.0,NA,1.0
2023-12-25,2.0,1,16,NA,24.47826087,4.06869565,30.53130435,0.0,NA,0.0,NA,1.0
2023-12-26,1.0,2,4,NA,13.365,2.71583333,30.35958333,0.0,NA,0.0,NA,1.0
2023-12-27,2.0,2,1,NA,17.69458333,3.04083333,32.30666667,0.0,NA,0.0,NA,1.0
2023-12-28,2.0,4,4,15.0,17.50916667,3.07125,26.88333333,0.0,NA,0.0,NA,1.0
2023-12-29,1.0,4,1,NA,11.3775,2.33,25.95291667,0.0,NA,0.0,NA,1.0
2023-12-30,1.0,4,1,NA,16.34913043,2.7226087,20.3825,0.0,NA,0.0,NA,1.0
2023-12-31,1.0,1,4,NA,20.53625,2.6975,27.08083333,0.0,NA,0.0,NA,1.0
2024-01-01,2.0,1,2,17.0,29.37217391,3.59791667,28.235,0.0,NA,0.0,NA,NA
2024-01-02,2.0,2,3,NA,16.7625,3.73083333,28.96333333,0.0,NA,0.0,NA,1.0
2024-01-03,2.0,1,1,NA,16.87041667,4.08416667,32.64708333,0.0,NA,0.0,NA,1.0
2024-01-04,2.0,14,1,16.0,15.65666667,4.095,37.30916667,0.0,NA,0.0,NA,1.0
2024-01-05,2.0,6,2,NA,15.57666667,4.10166667,34.8725,0.0,NA,0.0,NA,1.0
2024-01-06,2.0,2,1,NA,17.97375,3.81916667,44.0475,0.0,NA,0.0,NA,2.0
2024-01-07,2.0,8,1,18.0,17.61043478,3.48304348,46.56391304,0.0,NA,0.0,NA,1.0
2024-01-08,2.0,10,2,NA,19.89625,4.03041667,35.63791667,0.0,NA,0.0,NA,1.0
2024-01-09,3.0,1,10,NA,22.72391304,5.475,34.605,0.0,NA,0.0,NA,1.0
2024-01-10,2.0,4,4,25.0,22.50956522,4.39875,36.58916667,0.0,NA,0.0,NA,1.0
2024-01-11,2.0,2,4,NA,18.85545455,3.33833333,39.65458333,0.0,NA,0.0,NA,1.0
2024-01-12,2.0,14,1,NA,14.55708333,3.71291667,30.92958333,0.0,NA,0.0,NA,1.0
2024-01-13,2.0,1,1,9.0,9.44083333,2.90208333,30.58083333,0.0,NA,0.0,NA,2.0
2024-01-14,2.0,1,1,NA,13.48625,3.79208333,36.17458333,0.0,NA,0.0,NA,1.0
2024-01-15,2.0,12,1,NA,16.78416667,4.63208333,41.98125,0.0,NA,0.0,NA,1.0
2024-01-16,3.0,2,24,19.0,14.51166667,5.30375,45.56958333,0.0,NA,0.0,NA,1.0
2024-01-17,2.0,7,1,NA,14.24375,4.54333333,50.97583333,0.0,NA,0.0,NA,2.0
2024-01-18,3.0,12,1,NA,16.81375,4.68458333,40.2425,0.0,NA,0.0,NA,1.0
2024-01-19,4.0,1,2,30.0,17.10166667,6.53375,41.13416667,0.0,NA,0.0,NA,1.0
2024-01-20,3.0,18,3,NA,15.83,5.69208333,46.19708333,0.0,NA,0.0,NA,1.0
2024-01-21,2.0,18,1,NA,14.72625,4.03869565,45.32478261,0.0,NA,0.0,NA,1.0
2024-01-22,3.0,8,2,25.0,14.635,5.35208333,43.14041667,0.0,NA,0.0,NA,1.0
2024-01-23,3.0,1,1,NA,14.20416667,5.12625,55.10125,0.0,NA,0.0,NA,2.0
2024-01-24,2.0,1,4,NA,16.51125,3.99458333,56.99958333,0.0,NA,0.0,NA,1.0
2024-01-25,2.0,64,1,30.0,16.935,4.36166667,55.71416667,0.0,NA,0.0,NA,1.0
2024-01-26,2.0,2,1,NA,15.77625,3.97208333,56.92125,0.0,NA,0.0,NA,2.0
2024-01-27,2.0,1,1,NA,17.94333333,4.10041667,48.47958333,0.0,NA,0.0,NA,2.0
2024-01-28,2.0,1,3,21.0,17.40541667,3.90458333,48.69083333,0.0,NA,0.0,NA,NA
2024-01-29,2.0,1,5,NA,20.02625,4.00708333,46.81583333,0.0,NA,0.0,NA,1.0
2024-01-30,3.0,1,1,NA,22.62708333,4.91916667,40.60916667,0.0,NA,0.0,NA,1.0
2024-01-31,2.0,2,1,NA,18.84416667,4.49,42.77541667,0.0,NA,0.0,NA,3.0
2024-02-01,3.0,3,22,NA,20.94173913,5.62708333,25.25791667,0.0,NA,0.0,NA,1.0
2024-02-02,2.0,1,1,NA,20.55565217,3.83791667,33.45666667,0.0,NA,0.0,NA,1.0
2024-02-03,2.0,1,4,11.0,7.33041667,3.1325,43.4075,17.8,NA,1.6,NA,1.0
2024-02-04,3.0,7,3,NA,10.73291667,4.78833333,29.29791667,0.0,NA,0.0,NA,1.0
2024-02-05,3.0,13,2,NA,10.66541667,5.62791667,24.76166667,0.0,NA,0.0,NA,2.0
2024-02-06,2.0,4,1,15.0,13.73625,3.74791667,26.55125,0.0,NA,0.0,NA,1.0
2024-02-07,3.0,2,1,NA,12.54083333,4.88541667,32.73708333,0.0,NA,0.0,NA,1.0
2024-02-08,3.0,3,341,NA,14.76083333,5.21166667,36.26875,0.0,NA,0.0,NA,2.0
2024-02-09,2.0,49,1,19.0,11.32916667,4.44125,43.62333333,0.0,NA,0.0,NA,1.0
2024-02-10,2.0,4,1,NA,11.36708333,3.53083333,44.10416667,0.0,NA,0.0,NA,1.0
2024-02-11,2.0,26,2,NA,10.325,4.43125,39.895,0.0,NA,0.0,NA,1.0
2024-02-12,2.0,1,1,21.0,13.24208333,4.22125,40.06,0.0,NA,0.0,NA,2.0
2024-02-13,3.0,1,1,NA,15.10291667,5.86083333,45.84291667,0.0,NA,0.0,NA,1.0
2024-02-14,2.0,1,3,NA,16.64875,4.28583333,42.20208333,0.0,NA,0.0,NA,1.0
2024-02-15,3.0,3,1,20.0,12.41291667,5.74208333,44.27791667,0.0,NA,0.0,NA,1.0
2024-02-16,2.0,4,17,NA,14.35125,4.02541667,39.59458333,0.0,NA,0.0,NA,1.0
2024-02-17,2.0,1,1,NA,14.6273913,4.43083333,36.78083333,0.0,NA,0.0,NA,1.0
2024-02-18,3.0,1,1,16.0,11.10136364,4.67608696,40.02869565,0.0,NA,0.0,NA,NA
2024-02-19,2.0,2,2,NA,NA,NA,NA,0.0,NA,0.0,NA,2.0
2024-02-20,2.0,6,5,NA,NA,NA,NA,0.0,NA,0.0,NA,2.0
2024-02-21,2.0,2,1,18.0,NA,NA,NA,0.0,NA,0.0,NA,1.0
2024-02-22,2.0,2,1,NA,NA,NA,NA,0.0,NA,0.0,NA,1.0
2024-02-23,3.0,1,1,NA,NA,NA,NA,0.0,NA,0.0,NA,1.0
2024-02-24,2.0,4,2,18.0,NA,NA,NA,0.0,NA,0.0,NA,1.0
2024-02-25,2.0,20,2,NA,13.30791667,3.03208333,35.74041667,0.0,NA,0.0,NA,1.0
2024-02-26,2.0,12,1,NA,18.25958333,4.20583333,42.025,0.0,NA,0.0,NA,1.0
2024-02-27,3.0,1,1,22.0,17.97,5.54208333,47.41791667,0.0,NA,0.0,NA,1.0
2024-02-28,3.0,1,1,NA,22.88347826,6.02041667,45.785,0.0,NA,0.0,NA,1.0
2024-02-29,3.0,5,1,NA,21.7975,4.87541667,48.96875,0.0,NA,0.0,NA,1.0
2024-03-01,2.0,10,2,23.0,18.89375,3.72625,46.4175,0.0,NA,0.0,NA,1.0
2024-03-02,2.0,1,7,NA,15.43208333,3.18333333,51.69,0.0,NA,0.0,NA,1.0
2024-03-03,1.0,1,1,NA,11.22125,2.73458333,39.52416667,0.0,NA,0.0,NA,1.0
2024-03-04,3.0,7,3,24.0,17.5092,4.93166667,38.70333333,0.0,NA,0.0,NA,1.0
2024-03-05,3.0,6,1,NA,27.04083333,5.88416667,47.70833333,0.0,NA,0.0,NA,1.0
2024-03-06,3.0,17,1,NA,24.42666667,4.71791667,45.28666667,0.0,NA,0.0,NA,1.0
2024-03-07,3.0,2,1,26.0,25.87041667,5.63041667,57.74583333,0.0,NA,0.0,NA,1.0
2024-03-08,2.0,1,3,NA,22.38434783,3.46208333,50.85583333,0.0,NA,0.0,NA,1.0
2024-03-09,2.0,1,4,NA,17.59913043,3.46416667,41.14958333,0.0,NA,0.0,NA,1.0
2024-03-10,2.0,2,15,18.0,18.28625,4.62875,50.4225,0.0,NA,0.0,NA,NA
2024-03-11,3.0,9,2,NA,18.31333333,5.445,46.5,0.0,NA,0.0,NA,1.0
2024-03-12,3.0,5,2,22.0,17.6325,5.11875,44.83208333,0.0,NA,0.0,NA,1.0
2024-03-13,3.0,1,5,22.0,16.80083333,5.3,37.79708333,0.0,NA,0.0,NA,1.0
2024-03-14,3.0,13,3,NA,17.33347826,5.18291667,36.60083333,0.0,NA,0.0,NA,1.0
2024-03-15,3.0,15,3,NA,17.02375,5.57291667,40.47583333,0.0,NA,0.0,NA,2.0
2024-03-16,4.0,3,1,21.0,18.77826087,7.76833333,45.51041667,0.0,NA,0.0,NA,NA
2024-03-17,3.0,30,1,NA,18.17791667,5.02041667,43.135,0.0,NA,0.0,NA,2.0
2024-03-18,3.0,8,2,NA,22.14086957,5.935,45.63958333,0.0,NA,0.0,NA,1.0
2024-03-19,3.0,4,6,29.0,19.70826087,5.27666667,38.45791667,0.0,NA,0.0,NA,1.0
2024-03-20,2.0,1,4,NA,16.62666667,4.32208333,38.16166667,0.0,NA,0.0,NA,1.0
2024-03-21,2.0,5,5,NA,15.98238095,3.88583333,38.59125,0.0,NA,0.0,NA,2.0
2024-03-22,2.0,74,1,36.0,16.75291667,3.8625,48.25583333,0.0,NA,0.0,NA,1.0
2024-03-23,3.0,1,21,NA,16.96041667,5.27583333,51.67666667,0.0,NA,0.0,NA,1.0
2024-03-24,2.0,1,2,NA,13.52708333,4.37958333,46.89041667,0.0,NA,0.0,NA,1.0
2024-03-25,2.0,1,2,32.0,12.54583333,4.08291667,44.35916667,0.0,NA,0.0,NA,1.0
2024-03-26,2.0,1,1,NA,10.8375,4.48333333,39.7125,0.0,NA,0.0,NA,1.0
2024-03-27,2.0,1,1,29.0,10.11695652,3.46,30.43708333,0.0,NA,0.0,NA,1.0
2024-03-28,2.0,2,1,10.0,7.2475,3.77833333,33.4725,0.0,NA,0.0,NA,1.0
2024-03-29,2.0,1,4,NA,13.26166667,3.55125,46.18166667,0.0,NA,0.0,NA,1.0
2024-03-30,3.0,2,3,NA,16.54416667,5.48916667,43.14958333,0.0,NA,0.0,NA,3.0
2024-03-31,2.0,22,1,NA,17.66130435,4.5573913,34.63347826,0.0,NA,0.0,NA,NA
2024-04-01,2.0,2,1,NA,12.4375,3.67833333,43.53625,0.0,NA,0.0,NA,NA
2024-04-02,1.0,6,342,NA,13.54833333,3.80444444,30.57909091,0.0,NA,0.0,NA,1.0
2024-04-03,1.0,40,2,36.0,NA,3.78181818,25.30666667,0.0,NA,0.0,NA,1.0
2024-04-04,2.0,5,1,NA,20.508,3.45375,22.57791667,0.0,NA,0.0,NA,1.0
2024-04-05,2.0,22,15,NA,14.71791667,3.9525,30.21375,0.0,NA,0.0,NA,1.0
2024-04-06,2.0,1,1,31.0,17.21541667,3.07291667,33.65125,0.0,NA,0.0,NA,1.0
2024-04-07,2.0,4,3,NA,14.53956522,4.06130435,39.42869565,0.0,NA,0.0,NA,1.0
2024-04-08,2.0,1,1,NA,18.1475,3.36541667,34.93291667,0.0,NA,0.0,NA,1.0
2024-04-09,2.0,1,1,23.0,18.38875,4.02833333,40.18625,0.0,NA,0.0,NA,1.0
2024-04-10,4.0,2,1,NA,23.18625,7.74458333,49.10958333,0.0,NA,0.0,NA,1.0
2024-04-11,3.0,1,1,NA,21.64875,5.935,47.05833333,0.0,NA,0.0,NA,1.0
2024-04-12,2.0,1,1,31.0,23.1925,4.43708333,67.7,0.0,NA,0.0,NA,1.0
2024-04-13,1.0,1,5,NA,23.53958333,2.29,57.18666667,0.0,NA,0.0,NA,1.0
2024-04-14,2.0,1,1,NA,19.31625,3.99666667,49.095,0.0,NA,0.0,NA,1.0
2024-04-15,4.0,4,2,30.0,19.9175,7.53083333,35.95125,0.0,NA,0.0,NA,1.0
2024-04-16,3.0,5,1,NA,21.01541667,4.7075,48.28708333,0.0,NA,0.0,NA,1.0
2024-04-17,2.0,1,1,NA,19.78041667,3.19041667,31.15708333,0.0,NA,0.0,NA,1.0
2024-04-18,2.0,3,1,22.0,19.24083333,3.3525,27.51083333,0.0,NA,0.0,NA,1.0
2024-04-19,1.0,1,1,NA,9.25555556,1.47666667,43.74041667,0.0,NA,0.0,NA,1.0
2024-04-20,1.0,4,1,NA,8.6,1.08625,43.39166667,0.0,NA,0.0,NA,2.0
2024-04-21,0.0,8,4,14.0,6.77571429,0.32043478,37.75666667,0.0,NA,0.0,NA,1.0
2024-04-22,1.0,15,6,NA,7.47958333,1.51916667,22.92708333,0.0,NA,0.0,NA,4.0
2024-04-23,2.0,7,5,NA,10.78291667,3.06916667,19.50416667,0.0,NA,0.0,NA,NA
2024-04-24,2.0,1,1,20.0,13.53541667,3.50958333,28.40083333,0.0,NA,0.0,NA,1.0
2024-04-25,1.0,3,1,NA,9.16304348,1.03416667,31.67458333,0.0,NA,0.0,NA,NA
2024-04-26,2.0,8,3,NA,15.20608696,3.425,18.32458333,0.0,NA,0.0,NA,2.0
2024-04-27,2.0,2,13,19.0,11.64681818,3.19125,18.68166667,0.0,NA,0.0,NA,1.0
2024-04-28,1.0,17,2,NA,7.79304348,1.22083333,15.18,0.0,NA,0.0,NA,1.0
2024-04-29,1.0,1,12,NA,10.48409091,2.01,15.46625,0.0,NA,0.0,NA,1.0
2024-04-30,3.0,14,3,11.0,13.98083333,4.70541667,15.45958333,0.0,NA,0.0,NA,1.0
2024-05-01,3.0,2,3,NA,12.0225,4.74833333,23.31125,0.0,NA,0.0,NA,NA
2024-05-02,2.0,8,2,NA,12.48809524,3.0675,14.86833333,0.0,NA,0.0,NA,NA
2024-05-03,2.0,1,2,34.0,15.86166667,4.34208333,14.98333333,0.0,NA,0.0,NA,1.0
2024-05-04,2.0,1,12,NA,10.3226087,2.91041667,12.02583333,0.0,NA,0.0,NA,1.0
2024-05-05,1.0,5,1,NA,8.14454545,1.0573913,17.03956522,0.0,NA,0.0,NA,1.0
2024-05-06,1.0,10,1,14.0,14.63571429,3.01818182,14.62,0.0,NA,0.0,NA,3.0
2024-05-07,1.0,2,3,NA,9.21227273,2.34125,24.42625,0.0,NA,0.0,NA,1.0
2024-05-08,1.0,24,1,NA,5.90826087,1.28826087,28.44833333,0.0,NA,0.0,NA,2.0
2024-05-09,1.0,8,2,15.0,5.445625,1.22285714,16.38166667,0.0,NA,0.0,NA,1.0
2024-05-10,2.0,8,31,NA,7.95826087,3.7025,15.60791667,0.0,NA,0.0,NA,1.0
2024-05-11,1.0,1,2,NA,9.54363636,2.0425,14.84291667,0.0,NA,0.0,NA,1.0
2024-05-12,1.0,4,6,13.0,7.80913043,1.36875,15.58666667,0.0,NA,0.0,NA,2.0
2024-05-13,1.0,1,4,NA,7.83869565,2.36625,28.80041667,0.0,NA,0.0,NA,2.0
2024-05-14,1.0,78,2,NA,9.50863636,1.17083333,20.92916667,0.0,NA,0.0,NA,1.0
2024-05-15,0.0,1,1,17.0,7.76307692,0.88095238,17.85375,0.0,NA,0.0,NA,1.0
2024-05-16,1.0,1,333,NA,13.05304348,2.16,18.29,0.0,NA,0.0,NA,1.0
2024-05-17,1.0,3,1,NA,16.56291667,2.69875,23.47958333,0.0,NA,0.0,NA,1.0
2024-05-18,2.0,8,1,23.0,14.285,2.80291667,28.6875,0.0,NA,0.0,NA,1.0
2024-05-19,2.0,12,3,NA,12.79,2.87041667,25.52625,0.0,NA,0.0,NA,1.0
2024-05-20,3.0,5,1,NA,10.67318182,4.69541667,21.93541667,0.0,NA,0.0,NA,1.0
2024-05-21,2.0,1,1,20.0,9.12181818,2.72173913,19.18217391,0.0,NA,0.0,NA,1.0
2024-05-22,3.0,8,7,NA,NA,NA,NA,0.0,NA,0.0,NA,1.0
2024-05-23,1.0,6,7,NA,NA,NA,NA,0.0,NA,0.0,NA,1.0
2024-05-24,1.0,5,1,19.0,NA,NA,NA,0.0,NA,0.0,NA,1.0
2024-05-25,1.0,1,1,NA,NA,NA,NA,0.0,NA,0.0,NA,1.0
2024-05-26,1.0,12,3,NA,NA,NA,NA,0.0,NA,0.0,NA,NA
2024-05-27,1.0,1,1,NA,NA,NA,NA,0.0,NA,0.0,NA,1.0
2024-05-28,1.0,2,1,NA,NA,NA,NA,0.0,NA,0.0,NA,2.0
2024-05-29,1.0,3,2,NA,NA,NA,NA,0.0,NA,0.0,NA,1.0
2024-05-30,0.0,1,2,15.0,NA,NA,NA,0.0,NA,0.0,NA,1.0
2024-05-31,1.0,12,3,NA,NA,NA,NA,0.0,NA,0.0,NA,1.0
2024-06-01,2.0,2,1,NA,NA,NA,NA,0.0,NA,0.0,NA,1.0
2024-06-02,1.0,1,2,20.0,NA,NA,NA,0.0,NA,0.0,NA,NA
2024-06-03,1.0,1,1,NA,NA,NA,NA,0.0,NA,0.0,NA,1.0
2024-06-04,1.0,1,2,NA,NA,NA,NA,0.0,NA,0.0,NA,1.0
2024-06-05,0.0,7,1,28.0,10.4345,1.02833333,17.55375,0.0,NA,0.0,NA,1.0
2024-06-06,1.0,1,1,NA,12.5873913,2.0125,14.17083333,0.0,NA,0.0,NA,1.0
2024-06-07,1.0,11,10,NA,13.41043478,2.55458333,21.58166667,0.0,NA,0.0,NA,1.0
2024-06-08,1.0,10,4,29.0,14.28066667,2.26375,16.68666667,0.0,NA,0.0,NA,1.0
2024-06-09,1.0,1,1,NA,NA,1.19375,18.51333333,0.0,NA,0.0,NA,NA
2024-06-10,1.0,6,1,NA,NA,1.24083333,22.47291667,0.0,NA,0.0,NA,NA
2024-06-11,1.0,4,3,17.0,NA,2.55875,15.79333333,0.0,NA,0.0,NA,1.0
2024-06-12,1.0,9,1,NA,NA,1.892,24.97,0.0,NA,0.0,NA,1.0
2024-06-13,0.0,1,1,22.0,NA,NA,27.80125,0.0,NA,0.0,NA,1.0
2024-06-14,0.0,2,6,17.0,NA,NA,22.51,0.0,NA,0.0,NA,3.0
2024-06-15,0.0,1,1,NA,NA,NA,17.47416667,16.0,NA,1.0,NA,1.0
2024-06-16,0.0,1,1,12.0,NA,NA,19.40916667,16.3,NA,1.1,NA,1.0
2024-06-17,0.0,6,7,34.0,11.755,NA,24.05,18.3,NA,1.5,NA,2.0
2024-06-18,0.0,1,8,NA,9.53045455,NA,30.91,17.1,NA,1.4,NA,1.0
2024-06-19,0.0,1,1,NA,12.19772727,NA,18.55,15.8,NA,1.1,NA,1.0
2024-06-20,0.0,1,1,20.0,14.39190476,NA,21.81291667,16.8,NA,1.1,NA,1.0
2024-06-21,1.0,11,4,NA,13.32608696,2.52307692,21.59166667,17.4,NA,1.2,NA,1.0
2024-06-22,1.0,1,2,NA,8.289,1.12391304,21.81916667,16.3,NA,1.0,NA,1.0
2024-06-23,0.0,1,1,12.0,7.99809524,0.69863636,20.4125,15.9,NA,1.3,NA,1.0
2024-06-24,0.0,4,2,NA,11.74272727,0.37,18.91166667,17.6,NA,1.3,NA,1.0
2024-06-25,0.0,10,2,NA,9.54652174,NA,21.94833333,17.3,NA,1.2,NA,2.0
2024-06-26,0.0,4,1,19.0,13.25294118,NA,23.8675,0.0,NA,0.0,NA,1.0
2024-06-27,0.0,1,4,NA,7.95714286,NA,22.35041667,0.0,NA,0.0,NA,2.0
2024-06-28,1.0,2,1,NA,13.18833333,3.44307692,24.66916667,0.0,NA,0.0,NA,1.0
2024-06-29,1.0,1,1,15.0,10.31272727,1.42041667,25.87,0.0,NA,0.0,NA,1.0
2024-06-30,1.0,9,3,NA,10.95541667,1.84583333,24.87458333,0.0,NA,0.0,NA,1.0
2024-07-01,1.0,1,1,NA,8.20833333,2.035,33.99958333,0.0,NA,0.0,NA,NA
2024-07-02,2.0,8,1,20.0,12.09478261,3.19583333,26.62583333,0.0,NA,0.0,NA,1.0
2024-07-03,1.0,2,8,17.0,11.82238095,2.70958333,17.03875,0.0,NA,0.0,NA,1.0
2024-07-04,1.0,2,5,NA,7.24826087,1.75458333,10.86666667,15.7,NA,1.1,NA,1.0
2024-07-05,1.0,1,1,26.0,7.155,1.97736842,18.56916667,14.6,NA,1.1,NA,1.0
2024-07-06,1.0,3,1,NA,9.75833333,2.27041667,21.825,17.7,NA,1.3,NA,2.0
2024-07-07,1.0,1,3,NA,11.70583333,1.55083333,28.03458333,17.9,NA,1.2,NA,1.0
2024-07-08,1.0,1,1,17.0,9.85869565,1.72521739,32.49478261,0.0,NA,0.0,NA,1.0
2024-07-09,1.0,7,8,NA,9.57041667,1.83291667,35.20791667,0.0,NA,0.0,NA,1.0
2024-07-10,1.0,1,2,NA,11.73791667,2.40625,38.47958333,0.0,NA,0.0,NA,1.0
2024-07-11,1.0,1,1,17.0,12.41041667,2.31875,39.00125,0.0,NA,0.0,NA,1.0
2024-07-12,2.0,3,1,NA,13.75833333,3.66125,57.51958333,0.0,NA,0.0,NA,1.0
2024-07-13,2.0,12,1,NA,9.82416667,3.39916667,41.77916667,0.0,NA,0.0,NA,1.0
2024-07-14,1.0,4,3,18.0,7.70125,1.84791667,39.05958333,0.0,NA,0.0,NA,1.0
2024-07-15,2.0,9,1,NA,9.22791667,3.42208333,28.34416667,0.0,NA,0.0,NA,1.0
2024-07-16,2.0,4,82,NA,10.02916667,3.56041667,26.52583333,0.0,NA,0.0,NA,1.0
2024-07-17,1.0,2,1,19.0,11.3726087,2.76,30.17583333,0.0,NA,0.0,NA,2.0
2024-07-18,1.0,1,1,NA,10.03166667,2.23208333,33.73541667,0.0,NA,0.0,NA,1.0
2024-07-19,0.0,3,2,NA,10.1275,0.8525,35.7775,0.0,NA,0.0,NA,1.0
2024-07-20,1.0,4,1,NA,10.33791667,1.58333333,34.47541667,0.0,NA,0.0,NA,1.0
2024-07-21,0.0,18,1,NA,7.85208333,0.78833333,37.57541667,0.0,NA,0.0,NA,NA
2024-07-22,1.0,1,13,NA,8.84956522,1.54304348,34.81666667,0.0,NA,0.0,NA,1.0
2024-07-23,1.0,16,2,17.0,11.77136364,1.24291667,34.98708333,0.0,NA,0.0,NA,1.0
2024-07-24,1.0,2,3,NA,11.01375,1.45125,39.28291667,0.0,NA,0.0,NA,1.0
2024-07-25,1.0,7,2,NA,12.6525,1.9075,34.50083333,0.0,NA,0.0,NA,1.0
2024-07-26,1.0,3,3,20.0,15.92458333,1.40791667,34.1975,0.0,NA,0.0,NA,1.0
2024-07-27,1.0,40,1,NA,12.28043478,1.48,29.54833333,0.0,NA,0.0,NA,1.0
2024-07-28,1.0,3,2,NA,9.90291667,2.17625,29.28833333,0.0,NA,0.0,NA,1.0
2024-07-29,1.0,1,1,5.0,8.25291667,2.78375,34.49666667,0.0,NA,0.0,NA,2.0
2024-07-30,1.0,1,3,17.0,14.43789474,1.90291667,29.2675,0.0,NA,0.0,NA,1.0
2024-07-31,2.0,1,1,NA,9.74909091,3.2025,33.64125,0.0,NA,0.0,NA,1.0
2024-08-01,2.0,9,1,20.0,9.9025,3.29708333,37.74083333,0.0,NA,0.0,NA,1.0
2024-08-02,1.0,1,1,NA,11.26,2.69041667,39.10625,0.0,NA,0.0,NA,NA
2024-08-03,1.0,2,1,NA,11.90958333,1.77416667,37.60333333,0.0,NA,0.0,NA,1.0
2024-08-04,1.0,2,1,22.0,10.37583333,1.11208333,37.49541667,0.0,NA,0.0,NA,1.0
2024-08-05,2.0,31,1,NA,10.99869565,3.01916667,28.73208333,0.0,NA,0.0,NA,1.0
2024-08-06,1.0,3,1,NA,10.69869565,1.42416667,28.27916667,0.0,NA,0.0,NA,1.0
2024-08-07,1.0,18,1,25.0,6.64714286,1.61041667,32.20333333,0.0,NA,0.0,NA,1.0
2024-08-08,2.0,2,1,NA,13.12826087,3.43,29.70083333,0.0,NA,0.0,NA,1.0
2024-08-09,1.0,3,2,NA,14.23666667,1.7925,27.47958333,0.0,NA,0.0,NA,1.0
2024-08-10,0.0,1,2,27.0,13.59304348,0.98,29.325,0.0,NA,0.0,NA,1.0
2024-08-11,0.0,2,2,NA,6.09375,NA,29.50166667,0.0,NA,0.0,NA,NA
2024-08-12,0.0,1,6,NA,9.09833333,NA,33.4325,0.0,NA,0.0,NA,1.0
2024-08-13,0.0,5,3,NA,11.40454545,NA,32.05625,0.0,NA,0.0,NA,1.0
2024-08-14,0.0,1,1,NA,11.30782609,NA,27.8225,0.0,NA,0.0,NA,1.0
2024-08-15,0.0,1,1,NA,12.26541667,NA,44.27083333,0.0,NA,0.0,NA,1.0
2024-08-16,0.0,1,4,18.0,13.98833333,NA,43.64458333,0.0,NA,0.0,NA,1.0
2024-08-17,0.0,1,1,NA,12.905,NA,39.02875,19.0,NA,1.5,NA,2.0
2024-08-18,0.0,8,5,NA,9.665,NA,49.33,0.0,NA,0.0,NA,1.0
2024-08-19,0.0,1,30,NA,9.3775,NA,55.55791667,0.0,NA,0.0,NA,1.0
2024-08-20,0.0,2,4,NA,12.51916667,NA,46.25416667,0.0,NA,0.0,NA,1.0
2024-08-21,0.0,1,8,NA,12.82416667,NA,43.8225,0.0,NA,0.0,NA,1.0
2024-08-22,0.0,4,1,20.0,9.59083333,NA,32.55125,0.0,NA,0.0,NA,1.0
2024-08-23,0.0,27,1,NA,13.27708333,NA,31.755,0.0,NA,0.0,NA,1.0
2024-08-24,0.0,5,1,NA,13.23136364,NA,28.79,0.0,NA,0.0,NA,1.0
2024-08-25,0.0,2,1,12.0,9.52833333,NA,NA,0.0,NA,0.0,NA,1.0
2024-08-26,0.0,1,3,NA,10.21083333,NA,NA,0.0,NA,0.0,NA,1.0
2024-08-27,0.0,3,1,NA,12.2975,NA,NA,0.0,NA,0.0,NA,1.0
2024-08-28,0.0,10,5,20.0,12.50458333,NA,NA,0.0,NA,0.0,NA,4.0
2024-08-29,0.0,6,2,NA,11.8773913,NA,NA,0.0,NA,0.0,NA,4.0
2024-08-30,0.0,1,1,NA,11.69833333,NA,NA,0.0,NA,0.0,NA,3.0
2024-08-31,0.0,14,15,NA,14.94916667,NA,NA,0.0,NA,0.0,NA,1.0
2024-09-01,0.0,1,1,NA,15.19,NA,NA,0.0,NA,0.0,NA,NA
2024-09-02,0.0,12,1,NA,18.74666667,NA,NA,0.0,NA,0.0,NA,NA
2024-09-03,2.0,9,1,27.0,17.56608696,7.358,63.652,0.0,NA,0.0,NA,1.0
2024-09-04,2.0,1,6,43.0,15.639,3.58833333,45.80166667,0.0,NA,0.0,NA,1.0
2024-09-05,1.0,1,1,NA,NA,2.13,42.26041667,0.0,NA,0.0,NA,1.0
2024-09-06,2.0,10,13,24.0,NA,4.31583333,45.41375,0.0,NA,0.0,NA,NA
2024-09-07,2.0,16,1,NA,NA,4.53583333,39.90625,0.0,NA,0.0,NA,1.0
2024-09-08,2.0,5,1,NA,NA,3.73666667,46.15416667,0.0,NA,0.0,NA,1.0
2024-09-09,2.0,34,3,34.0,NA,3.24291667,48.43416667,0.0,NA,0.0,NA,1.0
2024-09-10,0.0,1,1,NA,NA,3.365,43.09791667,0.0,NA,0.0,NA,NA
2024-09-11,2.0,9,3,NA,NA,5.20875,47.72791667,0.0,NA,0.0,NA,1.0
2024-09-12,2.0,10,1,27.0,NA,4.145,40.14291667,0.0,NA,0.0,NA,NA
2024-09-13,2.0,1,321,NA,NA,4.49875,40.38291667,0.0,NA,0.0,NA,1.0
2024-09-14,1.0,2,1,NA,NA,4.65333333,43.20416667,0.0,NA,0.0,NA,NA
2024-09-15,0.0,1,1,20.0,NA,NA,49.27541667,0.0,NA,0.0,NA,1.0
2024-09-16,0.0,62,11,NA,NA,NA,39.01708333,0.0,NA,0.0,NA,NA
2024-09-17,1.0,1,1,NA,NA,5.12461538,38.52875,0.0,NA,0.0,NA,NA
2024-09-18,0.0,2,1,24.0,NA,NA,56.85458333,0.0,NA,0.0,NA,1.0
2024-09-19,0.0,2,1,NA,NA,NA,44.06916667,0.0,NA,0.0,NA,NA
2024-09-20,0.0,2,1,NA,NA,NA,31.94833333,0.0,NA,0.0,NA,1.0
2024-09-21,0.0,2,1,34.0,NA,NA,NA,0.0,NA,0.0,NA,NA
2024-09-22,0.0,1,1,NA,NA,NA,NA,0.0,NA,0.0,NA,NA
2024-09-23,3.0,21,3,NA,NA,11.585,61.585,0.0,NA,0.0,NA,1.0
2024-09-24,2.0,1,1,13.0,NA,4.57458333,45.15708333,0.0,NA,0.0,NA,NA
2024-09-25,2.0,2,3,NA,NA,3.32541667,41.65541667,0.0,NA,0.0,NA,1.0
2024-09-26,2.0,36,1,NA,NA,4.36041667,31.06833333,0.0,NA,0.0,NA,1.0
2024-09-27,2.0,2,3,20.0,NA,4.63541667,57.92791667,0.0,NA,0.0,NA,1.0
2024-09-28,1.0,11,1,NA,NA,1.70791667,44.93916667,0.0,NA,0.0,NA,1.0
2024-09-29,1.0,7,2,NA,NA,1.23416667,42.05375,0.0,NA,0.0,NA,1.0
2024-09-30,2.0,12,1,34.0,NA,4.27791667,33.26166667,0.0,NA,0.0,NA,10.0
2024-10-01,2.0,2,1,NA,NA,3.46208333,39.615,0.0,NA,0.0,NA,1.0
2024-10-02,2.0,1,1,NA,NA,2.86875,33.91625,0.0,NA,0.0,NA,1.0
2024-10-03,1.0,1,1,12.0,NA,2.25541667,47.50541667,0.0,NA,0.0,NA,1.0
2024-10-04,2.0,1,1,NA,NA,3.87208333,39.46541667,0.0,NA,0.0,NA,1.0
2024-10-05,3.0,1,1,NA,NA,5.56708333,38.23166667,0.0,NA,0.0,NA,1.0
2024-10-06,1.0,1,2,25.0,NA,2.31708333,40.98125,0.0,NA,0.0,NA,1.0
2024-10-07,2.0,2,4,NA,NA,3.09708333,41.54458333,0.0,NA,0.0,NA,1.0
2024-10-08,2.0,1,1,NA,NA,3.22125,34.42,0.0,NA,0.0,NA,1.0
2024-10-09,2.0,2,1,13.0,NA,3.32625,34.1175,0.0,NA,0.0,NA,1.0
2024-10-10,1.0,1,1,NA,NA,2.42416667,24.85833333,0.0,NA,0.0,NA,1.0
2024-10-11,1.0,1,1,NA,NA,2.21,34.88583333,0.0,NA,0.0,NA,1.0
2024-10-12,2.0,3,2,18.0,NA,3.62833333,35.27,0.0,NA,0.0,NA,1.0
2024-10-13,2.0,12,1,NA,NA,3.65958333,34.78875,0.0,NA,0.0,NA,1.0
2024-10-14,1.0,10,1,NA,NA,2.42583333,40.20166667,0.0,NA,0.0,NA,NA
2024-10-15,1.0,1,1,25.0,11.925,1.86416667,37.075,0.0,NA,0.0,NA,1.0
2024-10-16,2.0,3,3,25.0,12.82380952,3.89166667,38.79375,0.0,NA,0.0,NA,1.0
2024-10-17,3.0,14,14,NA,13.496,4.7025,39.28291667,0.0,NA,0.0,NA,2.0
2024-10-18,3.0,4,1,28.0,14.94882353,5.68375,41.51291667,0.0,NA,0.0,NA,1.0
2024-10-19,1.0,1,2,NA,11.21111111,2.49125,41.52875,0.0,NA,0.0,NA,1.0
2024-10-20,1.0,7,1,NA,10.41647059,1.93583333,40.33916667,0.0,NA,0.0,NA,1.0
2024-10-21,2.0,1,1,25.0,11.61833333,2.83958333,29.80708333,0.0,NA,0.0,NA,NA
2024-10-22,1.0,15,1,NA,6.438,2.70833333,25.435,0.0,NA,0.0,NA,1.0
2024-10-23,1.0,1,5,NA,10.4975,2.7525,26.94791667,0.0,NA,0.0,NA,1.0
2024-10-24,3.0,8,3,21.0,7.80333333,4.78958333,32.48833333,0.0,NA,0.0,NA,1.0
2024-10-25,2.0,1,2,NA,10.59,4.51791667,40.79916667,0.0,NA,0.0,NA,1.0
2024-10-26,1.0,1,1,NA,10.17,2.47333333,40.15583333,0.0,NA,0.0,NA,1.0
2024-10-27,1.0,10,1,28.0,NA,2.10875,30.0175,0.0,NA,0.0,NA,NA
2024-10-28,2.0,15,1,NA,6.2,4.45833333,24.1,0.0,NA,0.0,NA,NA
2024-10-29,3.0,1,8,NA,8.99,6.11166667,36.31875,0.0,NA,0.0,NA,NA
2024-10-30,3.0,1,9,29.0,9.44428571,5.13666667,35.53541667,0.0,NA,0.0,NA,1.0
2024-10-31,3.0,26,1,NA,7.3925,4.93086957,42.25521739,0.0,NA,0.0,NA,1.0
2024-11-01,2.0,5,3,NA,5.30454545,3.62916667,25.49083333,0.0,NA,0.0,NA,2.0
2024-11-02,2.0,3,1,17.0,5.85,3.30958333,31.67958333,0.0,NA,0.0,NA,1.0
2024-11-03,1.0,4,3,NA,4.33846154,1.84083333,26.82875,0.0,NA,0.0,NA,1.0
2024-11-04,1.0,68,1,NA,4.55875,1.71041667,20.37291667,0.0,NA,0.0,NA,1.0
2024-11-05,2.0,1,1,NA,4.54,4.40375,21.42125,0.0,NA,0.0,NA,1.0
2024-11-06,2.0,3,270,18.0,7.8525,3.94416667,28.18958333,0.0,NA,0.0,NA,1.0
2024-11-07,1.0,1,1,NA,7.53529412,2.58833333,26.75083333,0.0,NA,0.0,NA,1.0
2024-11-08,1.0,1,1,NA,6.21428571,2.7825,27.9175,0.0,NA,0.0,NA,1.0
2024-11-09,1.0,3,2,NA,5.57882353,1.75416667,26.18541667,0.0,NA,0.0,NA,1.0
2024-11-10,1.0,1,1,NA,6.06055556,1.7675,24.100625,0.0,NA,0.0,NA,1.0
2024-11-11,1.0,20,1,14.0,5.95277778,1.17166667,20.602,0.0,NA,0.0,NA,2.0
2024-11-12,2.0,3,2,NA,9.33,2.86083333,21.51958333,0.0,NA,0.0,NA,1.0
2024-11-13,1.0,1,1,NA,8.11095238,2.21083333,26.71541667,0.0,NA,0.0,NA,2.0
2024-11-14,1.0,1,4,15.0,7.51473684,2.085,24.02833333,0.0,NA,0.0,NA,1.0
2024-11-15,2.0,1,3,NA,11.9995,3.81375,23.48411765,0.0,NA,0.0,NA,1.0
2024-11-16,1.0,3,1,NA,5.90772727,2.07333333,15.05176471,0.0,NA,0.0,NA,1.0
2024-11-17,1.0,2,3,14.0,6.01761905,1.26083333,24.84791667,0.0,NA,0.0,NA,NA
2024-11-18,1.0,3,4,NA,7.25894737,2.72041667,20.31916667,0.0,NA,0.0,NA,1.0
2024-11-19,1.0,6,7,NA,6.815,2.52083333,16.83375,0.0,NA,0.0,NA,1.0
2024-11-20,2.0,1,1,20.0,7.65333333,3.07,19.5675,0.0,NA,0.0,NA,1.0
2024-11-21,1.0,1,7,NA,6.16761905,2.06833333,19.48375,0.0,NA,0.0,NA,1.0
2024-11-22,0.0,2,1,NA,8.03857143,2.78,6.94,0.0,NA,0.0,NA,1.0
2024-11-23,NA,2,4,14.0,7.95130435,NA,NA,16.2,NA,1.4,NA,1.0
2024-11-24,NA,1,1,12.0,11.81291667,NA,NA,0.0,NA,0.0,NA,1.0
2024-11-25,NA,3,1,NA,14.61,NA,NA,0.0,NA,0.0,NA,2.0
2024-11-26,NA,81,1,17.0,16.93,NA,NA,0.0,NA,0.0,NA,1.0
2024-11-27,NA,36,1,17.0,15.45708333,NA,NA,0.0,NA,0.0,NA,1.0
2024-11-28,NA,1,1,NA,16.62291667,NA,NA,0.0,NA,0.0,NA,3.0
2024-11-29,NA,2,3,12.0,19.16333333,NA,NA,0.0,NA,0.0,NA,1.0
2024-11-30,NA,1,1,NA,16.81166667,NA,NA,0.0,NA,0.0,NA,1.0
2024-12-01,NA,5,4,NA,15.78416667,NA,NA,0.0,NA,0.0,NA,1.0
2024-12-02,NA,11,1,20.0,16.97833333,NA,NA,0.0,NA,0.0,NA,1.0
2024-12-03,NA,1,3,17.0,16.33625,NA,NA,0.0,NA,0.0,NA,1.0
2024-12-04,NA,1,2,NA,15.61625,NA,NA,0.0,NA,0.0,NA,2.0
2024-12-05,NA,7,2,18.0,13.79363636,NA,NA,0.0,NA,0.0,NA,1.0
2024-12-06,NA,2,2,NA,13.02375,NA,NA,0.0,NA,0.0,NA,1.0
2024-12-07,NA,2,7,NA,17.92166667,NA,NA,0.0,NA,0.0,NA,2.0
2024-12-08,NA,12,1,14.0,16.48208333,NA,NA,0.0,NA,0.0,NA,2.0
2024-12-09,NA,10,2,NA,15.545,NA,NA,0.0,NA,0.0,NA,2.0
2024-12-10,NA,5,1,NA,17.51291667,NA,NA,0.0,NA,0.0,NA,1.0
2024-12-11,NA,1,1,18.0,16.01208333,NA,NA,0.0,NA,0.0,NA,NA
2024-12-12,NA,2,1,NA,18.58333333,NA,NA,0.0,NA,0.0,NA,1.0
2024-12-13,NA,15,5,NA,20.20041667,NA,NA,0.0,NA,0.0,NA,1.0
2024-12-14,NA,2,1,17.0,17.52409091,NA,NA,0.0,NA,0.0,NA,NA
2024-12-15,NA,11,5,NA,12.07583333,NA,NA,0.0,NA,0.0,NA,NA
2024-12-16,NA,14,2,NA,16.92833333,NA,NA,0.0,NA,0.0,NA,1.0
2024-12-17,NA,1,1,19.0,19.58833333,NA,NA,0.0,NA,0.0,NA,1.0
2024-12-18,NA,41,1,NA,19.63291667,NA,NA,0.0,NA,0.0,NA,1.0
2024-12-19,NA,6,4,NA,20.45291667,NA,NA,0.0,NA,0.0,NA,1.0
2024-12-20,NA,1,1,23.0,21.30916667,NA,NA,0.0,NA,0.0,NA,1.0
2024-12-21,NA,1,3,NA,18.93666667,NA,NA,0.0,NA,0.0,NA,1.0
2024-12-22,NA,1,1,NA,15.28916667,NA,NA,0.0,NA,0.0,NA,1.0
2024-12-23,NA,1,1,19.0,15.62727273,NA,NA,0.0,NA,0.0,NA,1.0
2024-12-24,NA,1,2,NA,NA,NA,NA,0.0,NA,0.0,NA,1.0
2024-12-25,NA,1,1,NA,NA,NA,NA,0.0,NA,0.0,NA,NA
2024-12-26,NA,1,1,19.0,NA,NA,NA,0.0,NA,0.0,NA,2.0
2024-12-27,NA,10,2,NA,NA,NA,NA,0.0,NA,0.0,NA,1.0
2024-12-28,NA,4,1,NA,NA,NA,NA,0.0,NA,0.0,NA,1.0
2024-12-29,NA,1,2,14.0,NA,NA,NA,0.0,NA,0.0,NA,NA
2024-12-30,NA,2,1,NA,NA,NA,NA,0.0,NA,0.0,NA,1.0
2024-12-31,NA,1,1,NA,NA,NA,NA,0.0,NA,0.0,NA,2.0
2025-01-01,NA,2,4,17.0,NA,NA,NA,0.0,NA,0.0,NA,NA
2025-01-02,NA,1,1,NA,8.82,NA,NA,0.0,NA,0.0,NA,1.0
2025-01-03,NA,9,10,13.71923077,6.9928,NA,NA,0.0,NA,0.0,NA,1.0
2025-01-04,NA,1,1,15.0,5.65625,NA,NA,0.0,NA,0.0,NA,1.0
2025-01-05,NA,1,1,9.33636364,4.42954545,NA,NA,0.0,NA,0.0,NA,2.0
2025-01-06,NA,4,1,15.73666667,8.51095238,NA,NA,0.0,NA,0.0,NA,1.0
2025-01-07,NA,2,1,17.0,9.68787234,NA,NA,0.0,NA,0.0,NA,1.0
2025-01-08,NA,2,1,16.1255,8.89307692,NA,NA,0.0,NA,0.0,NA,1.0
2025-01-09,NA,2,2,15.74291667,7.9025,NA,NA,0.0,NA,0.0,NA,NA
2025-01-10,NA,1,1,19.0,6.63733333,NA,NA,0.0,NA,0.0,NA,1.0
2025-01-11,NA,2,1,16.95791667,10.04170213,NA,NA,0.0,NA,0.0,NA,NA
2025-01-12,NA,10,5,15.07227273,9.11727273,NA,NA,0.0,NA,0.0,NA,NA
2025-01-13,NA,1,1,16.0,8.975,NA,NA,0.0,NA,0.0,NA,1.0
2025-01-14,NA,1,2,13.81916667,7.70416667,NA,NA,0.0,60.1,0.0,NA,1.0
2025-01-15,NA,1,2,15.65875,9.35833333,NA,NA,0.0,63.2,0.0,NA,1.0
2025-01-16,NA,3,2,19.0,9.47,NA,NA,0.0,62.4,0.0,NA,1.0
2025-01-17,NA,3,38,15.35,8.57541667,NA,NA,0.0,65.0,0.0,NA,1.0
2025-01-18,NA,5,1,14.94541667,8.81375,NA,NA,0.0,60.9,0.0,NA,1.0
2025-01-19,NA,12,1,14.0,9.85047619,NA,NA,0.0,60.0,0.0,NA,NA
2025-01-20,NA,6,3,17.54,10.85416667,NA,NA,0.0,60.4,0.0,NA,1.0
2025-01-21,NA,6,1,21.11956522,12.76130435,NA,NA,0.0,60.9,0.0,NA,1.0
2025-01-22,NA,10,1,20.0,13.075,NA,NA,0.0,59.2,0.0,NA,1.0
2025-01-23,NA,16,3,19.62541667,11.73833333,NA,NA,0.0,58.3,0.0,NA,7.0
2025-01-24,NA,2,1,21.07869565,12.15391304,NA,NA,0.0,60.6,0.0,NA,1.0
2025-01-25,NA,1,1,19.0,11.28166667,NA,NA,0.0,62.1,0.0,NA,1.0
2025-01-26,NA,14,1,15.73826087,9.12652174,NA,NA,17.9,63.6,1.5,NA,1.0
2025-01-27,NA,1,1,16.93833333,9.65625,NA,NA,0.0,63.5,0.0,NA,1.0
2025-01-28,NA,3,3,22.0,8.96208333,NA,NA,0.0,61.3,0.0,NA,1.0
2025-01-29,NA,8,1,18.02041667,10.30914286,NA,NA,0.0,63.9,0.0,NA,1.0
2025-01-30,NA,1,1,17.82608696,10.67782609,NA,NA,0.0,62.2,0.0,NA,NA
2025-01-31,NA,14,14,26.0,11.37,NA,NA,0.0,67.7,0.0,NA,1.0
2025-02-01,NA,18,1,15.49291667,9.05041667,NA,NA,0.0,67.1,0.0,NA,NA
2025-02-02,NA,6,13,11.15478261,6.05478261,NA,NA,0.0,75.2,0.0,NA,NA
2025-02-03,NA,4,1,23.0,7.93958333,NA,NA,0.0,75.0,0.0,NA,NA
2025-02-04,NA,1,4,17.95875,9.91458333,NA,NA,0.0,82.7,0.0,NA,NA
2025-02-05,NA,11,1,15.155,8.92583333,NA,NA,0.0,79.4,0.0,NA,NA
2025-02-06,NA,1,2,22.0,11.15,NA,NA,0.0,78.3,0.0,NA,NA
2025-02-07,NA,4,2,17.11708333,11.07583333,NA,NA,0.0,76.5,0.0,NA,NA
2025-02-08,NA,1,1,14.985,8.94625,NA,NA,0.0,81.0,0.0,NA,NA
2025-02-09,NA,7,1,17.0,8.57833333,NA,NA,0.0,78.7,0.0,NA,NA
2025-02-10,NA,77,2,10.73208333,6.93666667,NA,NA,0.0,76.7,0.0,NA,NA
2025-02-11,NA,1,2,14.02916667,7.68833333,NA,NA,0.0,81.9,0.0,NA,NA
2025-02-12,NA,1,1,15.0,8.65208333,NA,NA,0.0,77.6,0.0,NA,NA
2025-02-13,NA,3,1,10.39083333,5.74541667,NA,NA,0.0,80.2,0.0,NA,NA
2025-02-14,NA,2,1,8.65916667,3.91666667,NA,NA,0.0,79.8,0.0,NA,NA
2025-02-15,NA,2,5,6.85,3.3125,NA,NA,0.0,83.0,0.0,NA,NA
2025-02-16,NA,3,1,5.925,2.86125,NA,NA,0.0,82.7,0.0,NA,NA
2025-02-17,NA,1,4,5.72125,3.22833333,NA,NA,0.0,82.5,0.0,NA,NA
2025-02-18,NA,15,1,14.0,5.30333333,NA,NA,0.0,82.4,0.0,NA,NA
2025-02-19,NA,1,8,15.24695652,9.57826087,NA,NA,0.0,78.0,0.0,NA,NA
2025-02-20,NA,2,1,12.935625,8.92375,NA,NA,0.0,77.1,0.0,NA,NA
2025-02-21,NA,1,5,27.0,13.11875,NA,NA,0.0,80.6,0.0,NA,NA
2025-02-22,NA,30,4,18.73090909,13.6,NA,NA,0.0,79.8,0.0,NA,NA
2025-02-23,NA,7,1,16.71391304,12.24347826,NA,NA,0.0,79.3,0.0,NA,NA
2025-02-24,NA,8,3,26.0,13.23181818,NA,NA,0.0,79.7,0.0,NA,NA
2025-02-25,NA,7,2,16.41608696,9.91826087,NA,NA,0.0,83.2,0.0,NA,NA
2025-02-26,NA,41,1,20.86375,13.29125,NA,NA,0.0,80.3,0.0,NA,NA
2025-02-27,NA,1,2,32.0,14.75833333,NA,NA,0.0,80.0,0.0,NA,NA
2025-02-28,NA,26,1,14.5325,10.56833333,NA,NA,0.0,79.0,0.0,NA,NA
2025-03-01,NA,3,1,11.1775,8.07,NA,NA,0.0,81.3,0.0,NA,NA
2025-03-02,NA,1,1,18.0,8.60208333,NA,NA,0.0,77.9,0.0,NA,NA
2025-03-03,NA,1,11,13.44375,9.96791667,NA,NA,0.0,77.6,0.0,NA,NA
2025-03-04,NA,2,3,15.26826087,10.75826087,NA,NA,0.0,79.7,0.0,NA,NA
2025-03-05,NA,10,1,30.0,10.77583333,NA,NA,0.0,80.8,0.0,NA,NA
2025-03-06,NA,12,8,13.23416667,8.28,NA,NA,0.0,82.5,0.0,NA,NA
2025-03-07,NA,1,1,16.32869565,10.7926087,NA,NA,0.0,76.0,0.0,NA,NA
2025-03-08,NA,15,1,23.0,9.94333333,NA,NA,17.5,77.9,1.7,NA,NA
2025-03-09,NA,2,1,13.12625,9.59875,NA,NA,17.3,77.3,1.5,NA,NA
2025-03-10,NA,2,1,11.8025,8.53916667,NA,NA,0.0,79.8,0.0,NA,NA
2025-03-11,NA,1,8,28.0,10.21347826,NA,NA,0.0,79.0,0.0,NA,NA
2025-03-12,NA,3,2,16.39761905,9.95095238,NA,NA,0.0,78.7,0.0,NA,NA
2025-03-13,NA,1,4,15.54916667,11.90458333,NA,NA,17.2,90.7,0.7,NA,NA
2025-03-14,NA,1,9,17.0,5.77583333,NA,NA,15.1,94.3,0.8,NA,NA
2025-03-15,NA,8,1,12.61541667,8.84375,NA,NA,15.8,92.0,0.5,NA,NA
2025-03-16,NA,10,8,11.20625,8.30791667,NA,NA,16.7,87.6,0.7,NA,NA
2025-03-17,NA,26,1,18.0,9.64333333,NA,NA,15.6,94.4,0.5,NA,NA
2025-03-18,NA,3,2,9.38,6.69541667,NA,NA,16.4,78.8,0.6,NA,NA
2025-03-19,NA,1,39,11.65217391,8.28,NA,NA,17.5,78.2,0.8,NA,NA
2025-03-20,NA,5,3,22.0,10.06041667,NA,NA,18.1,81.9,1.1,NA,NA
2025-03-21,NA,8,4,14.23304348,9.23869565,NA,NA,18.8,78.6,1.0,NA,NA
2025-03-22,NA,20,1,10.83458333,7.90791667,NA,NA,19.3,75.2,1.3,NA,NA
2025-03-23,NA,3,1,14.0,8.97416667,NA,NA,19.3,75.3,1.2,NA,NA
2025-03-24,NA,3,1,13.98458333,10.66166667,NA,NA,19.2,73.2,1.2,NA,NA
2025-03-25,NA,3,2,15.69208333,12.31458333,NA,NA,17.9,77.9,1.0,NA,NA
2025-03-26,NA,4,3,16.0,14.46291667,NA,NA,18.2,76.7,1.2,NA,NA
2025-03-27,NA,1,3,19.02347826,14.79478261,NA,NA,17.8,81.1,1.1,NA,NA
2025-03-28,NA,1,499,14.93708333,11.44791667,NA,NA,16.2,87.0,0.9,NA,NA
2025-03-29,NA,68,1,26.0,8.87636364,NA,NA,17.2,84.8,1.1,NA,NA
2025-03-30,NA,3,1,7.80958333,5.84083333,NA,NA,16.1,89.5,1.0,NA,NA
2025-03-31,NA,14,1,11.28277778,7.16722222,NA,NA,16.2,88.4,0.9,NA,NA
2025-04-01,NA,1,1,45.0,7.97166667,NA,NA,17.5,82.6,1.2,NA,NA
2025-04-02,NA,1,1,11.14791667,7.07583333,NA,NA,16.7,87.5,1.0,NA,NA
2025-04-03,NA,2,15,14.90666667,9.80375,NA,NA,17.2,84.3,1.1,NA,NA
2025-04-04,NA,3,270,12.0,8.37625,NA,NA,17.0,85.9,1.1,NA,NA
2025-04-05,NA,3,1,13.6225,8.81666667,NA,NA,17.7,79.8,0.9,NA,NA
2025-04-06,NA,2,1,9.62083333,6.04916667,NA,NA,16.7,87.5,1.1,NA,NA
2025-04-07,NA,1,1,19.0,4.93043478,NA,NA,19.0,75.0,1.3,NA,NA
2025-04-08,NA,21,6,11.35583333,6.67458333,NA,NA,17.4,83.4,1.0,NA,NA
2025-04-09,NA,3,3,15.27458333,9.96958333,NA,NA,17.8,82.8,1.0,NA,NA
2025-04-10,NA,1,1,10.0,9.36818182,NA,NA,16.6,88.2,0.8,NA,NA
2025-04-11,NA,3,6,9.37434783,5.66565217,NA,NA,16.0,89.8,0.9,NA,NA
2025-04-12,NA,15,5,12.19916667,7.80708333,NA,NA,18.7,76.8,1.2,NA,NA
2025-04-13,NA,3,2,23.0,6.84916667,NA,NA,18.7,77.8,1.2,NA,NA
2025-04-14,NA,1,3,14.3325,9.79541667,NA,NA,19.8,73.9,1.3,NA,NA
2025-04-15,NA,1,1,15.65958333,10.77,NA,NA,19.7,76.0,1.2,NA,NA
2025-04-16,NA,1,1,16.0,12.265,NA,NA,19.5,76.7,1.3,NA,NA
2025-04-17,NA,74,3,17.79375,12.12458333,NA,NA,18.4,83.1,0.8,NA,NA
2025-04-18,NA,3,1,14.74041667,10.10625,NA,NA,19.6,76.7,1.3,NA,NA
2025-04-19,NA,1,3,11.62583333,7.51291667,NA,NA,18.9,79.4,1.5,NA,NA
2025-04-20,NA,3,6,8.71,5.41416667,NA,NA,17.9,81.5,1.0,NA,NA
2025-04-21,NA,1,2,11.42826087,6.8626087,NA,NA,17.2,83.3,1.1,NA,NA
2025-04-22,NA,20,1,12.0,5.2475,NA,NA,16.7,82.1,1.3,NA,NA
2025-04-23,NA,1,6,7.69208333,4.5,NA,NA,17.4,80.4,1.2,NA,NA
2025-04-24,NA,3,2,12.0,3.7255,5.84714286,33.20714286,17.8,83.8,1.2,NA,NA
2025-04-25,NA,15,1,3.8926087,2.02869565,7.04583333,17.14833333,17.4,82.2,1.0,NA,NA
2025-04-26,NA,1,1,12.0,4.96043478,5.83208333,16.33541667,16.9,84.5,0.8,NA,NA
2025-04-27,NA,1,1,6.50916667,3.24583333,5.68708333,20.76208333,17.2,82.3,1.0,NA,NA
2025-04-28,NA,1,1,12.24857143,4.87,5.08458333,28.26166667,16.6,87.9,1.2,NA,NA
2025-04-29,NA,1,4,18.0,5.40478261,5.4225,21.74083333,17.4,85.7,0.9,NA,NA
2025-04-30,NA,1,2,5.44791667,2.69541667,5.475,19.71791667,16.6,88.1,0.9,NA,NA
2025-05-01,NA,8,4,4.3425,2.45,5.5375,13.26875,16.6,86.5,0.9,NA,NA
2025-05-02,NA,2,7,9.35652174,4.40695652,5.39083333,15.62041667,16.7,87.2,0.9,NA,NA
2025-05-03,NA,1,3,18.0,5.29947368,6.38583333,15.56291667,16.9,86.5,0.7,NA,NA
2025-05-04,NA,6,1,8.33458333,4.50541667,4.78125,17.65625,16.7,89.6,0.9,NA,NA
2025-05-05,NA,3,1,15.0,5.56583333,5.23083333,20.0725,16.1,88.3,0.9,NA,NA
2025-05-06,NA,1,1,20.79125,8.33583333,5.04208333,15.715,16.6,88.5,0.8,NA,NA
2025-05-07,NA,2,3,14.0,5.27791667,6.29916667,17.42125,16.5,88.5,0.9,NA,NA
2025-05-08,NA,1,1,18.62333333,6.89777778,7.72291667,7.69958333,16.2,87.1,0.8,NA,NA
2025-05-09,NA,3,4,10.0,NA,7.95833333,21.85375,18.2,80.3,0.8,NA,NA
2025-05-10,NA,1,3,16.0,NA,8.35708333,26.77833333,19.7,72.9,1.1,NA,NA
2025-05-11,NA,68,1,NA,NA,5.92416667,26.60166667,19.1,77.6,1.2,NA,NA
2025-05-12,NA,1,1,26.0,NA,6.72,28.73083333,20.2,74.2,1.3,NA,NA
2025-05-13,NA,6,7,19.0,NA,6.02833333,19.20416667,17.7,86.1,1.0,NA,NA
2025-05-14,NA,1,2,3.72076923,2.27076923,7.36583333,11.99666667,16.6,73.7,1.0,NA,NA
2025-05-15,NA,1,1,4.526,2.928,7.13916667,9.75291667,17.0,87.7,0.8,NA,NA
2025-05-16,NA,1,1,14.0,2.52333333,6.26090909,6.34692308,16.3,89.4,0.9,NA,NA
2025-05-17,NA,5,32,2.86181818,1.98181818,NA,14.655,16.0,91.6,0.8,NA,NA
2025-05-18,NA,2,4,3.13777778,2.36888889,NA,19.91208333,15.9,91.0,0.8,NA,NA
2025-05-19,NA,1,7,12.0,1.8,6.66166667,27.35291667,18.2,83.8,1.1,NA,NA
2025-05-20,NA,4,2,2.65333333,2.08666667,6.7125,26.906,17.1,84.7,0.9,NA,NA
2025-05-21,NA,1,3,2.79,2.05,7.1575,NA,17.7,84.7,0.8,NA,NA
2025-05-22,NA,2,1,15.0,2.23785714,7.84,NA,18.2,78.1,0.9,NA,NA
2025-05-23,NA,1,1,6.35090909,3.24772727,7.47833333,16.175,18.3,80.2,1.0,NA,NA
2025-05-24,NA,3,1,3.96347826,2.37869565,7.06625,18.938,18.6,83.3,1.2,NA,NA
2025-05-25,NA,13,453,4.09954545,2.37636364,4.86625,35.60363636,18.1,85.2,1.4,NA,NA
2025-05-26,NA,29,1,3.63909091,2.26681818,4.86125,29.69291667,16.7,92.5,1.0,NA,NA
2025-05-27,NA,2,1,5.022,2.6515,5.18958333,17.23375,17.0,80.0,1.4,NA,NA
2025-05-28,NA,3,2,5.64428571,3.30571429,7.77833333,22.48833333,19.1,79.6,0.6,NA,NA
2025-05-29,NA,1,1,5.0525,2.955,6.85208333,34.82458333,19.3,79.3,1.2,NA,NA
2025-05-30,NA,5,1,4.38666667,2.72666667,6.26125,28.38541667,18.4,84.1,1.1,NA,NA
2025-05-31,NA,2,1,4.32047619,2.63380952,6.37086957,23.6626087,17.7,84.3,1.3,NA,NA
2025-06-01,NA,5,2,NA,NA,NA,NA,17.3,73.5,1.2,NA,NA
2025-06-02,NA,2,1,NA,NA,NA,NA,17.3,78.3,1.6,NA,NA
2025-06-03,NA,1,1,NA,NA,NA,NA,17.8,75.5,1.2,NA,NA
2025-06-04,NA,1,2,NA,NA,NA,NA,16.7,77.8,1.3,NA,NA
2025-06-05,NA,10,5,NA,NA,NA,NA,16.7,78.9,1.0,NA,NA
2025-06-06,NA,5,16,NA,NA,NA,NA,16.4,78.7,1.4,NA,NA
2025-06-07,NA,1,2,NA,NA,NA,NA,18.8,61.2,1.2,NA,NA
2025-06-08,NA,5,5,NA,NA,NA,NA,18.7,65.4,1.5,NA,NA
2025-06-09,NA,2,1,NA,NA,NA,NA,17.5,73.2,1.3,NA,NA
2025-06-10,NA,2,1,NA,NA,NA,NA,16.1,83.1,1.0,NA,NA
2025-06-11,NA,9,3,NA,NA,NA,NA,15.8,82.0,1.1,NA,NA
2025-06-12,NA,9,1,NA,NA,NA,NA,16.0,80.4,1.2,NA,NA
2025-06-13,NA,1,1,NA,NA,NA,NA,14.8,83.7,1.3,NA,NA
2025-06-14,NA,1,4,NA,NA,NA,NA,15.6,78.7,1.3,NA,NA
2025-06-15,NA,3,1,NA,NA,NA,NA,17.2,76.5,1.4,NA,NA
2025-06-16,NA,1,1,NA,NA,NA,NA,16.7,80.8,1.2,NA,NA
2025-06-17,NA,1,1,NA,NA,NA,NA,18.3,79.2,1.3,NA,NA
2025-06-18,NA,5,2,NA,NA,NA,NA,20.6,65.3,1.4,NA,NA
2025-06-19,NA,5,9,NA,NA,NA,NA,20.8,60.0,1.3,NA,NA
2025-06-20,NA,23,3,NA,NA,NA,NA,21.0,61.5,1.3,NA,NA
2025-06-21,NA,7,2,NA,NA,NA,NA,19.7,69.5,1.1,NA,NA
2025-06-22,NA,2,1,NA,NA,NA,NA,17.6,84.5,1.2,NA,NA
2025-06-23,NA,1,37,NA,NA,NA,NA,17.5,83.8,1.0,NA,NA
2025-06-24,NA,3,3,NA,NA,NA,NA,18.2,83.0,1.1,NA,NA
2025-06-25,NA,20,4,NA,NA,NA,NA,19.4,78.2,1.2,NA,NA
2025-06-26,NA,8,1,NA,NA,NA,NA,19.8,72.2,1.4,NA,NA
2025-06-27,NA,17,3,NA,NA,NA,NA,19.5,76.1,1.2,NA,NA
2025-06-28,NA,1,2,NA,NA,NA,NA,19.8,73.2,1.1,NA,NA
2025-06-29,NA,1,2,NA,NA,NA,NA,20.0,69.2,1.3,NA,NA
2025-06-30,NA,10,17,NA,NA,NA,NA,20.0,73.1,1.3,NA,NA
2025-07-01,NA,4,6,NA,NA,NA,NA,20.1,70.9,1.4,NA,NA
2025-07-02,NA,1,656,NA,NA,NA,NA,20.2,68.7,1.1,NA,NA
